surveillance_cameras_all/001_cam1_3.jpg,58.174896,114.465454,95.36763,114.62522,76.794426,137.93083,60.694733,159.02686,91.457405,159.03967
surveillance_cameras_all/001_cam2_3.jpg,75.78254,111.37026,105.51021,110.095924,91.72987,130.87422,79.83106,147.03845,103.71939,145.71637
surveillance_cameras_all/001_cam3_3.jpg,57.999588,108.539604,86.53413,107.11629,73.43186,125.92752,63.12595,142.47122,84.8584,141.09363
surveillance_cameras_all/001_cam4_3.jpg,60.072,103.90933,87.70276,104.024994,74.39235,122.56619,64.24138,139.50458,85.79915,139.10486
surveillance_cameras_all/001_cam5_3.jpg,57.62314,118.92975,84.664505,117.99474,69.322044,138.24521,61.796833,153.1311,83.237015,152.49309
surveillance_cameras_all/002_cam1_3.jpg,62.140064,96.71439,95.43753,97.03403,79.50643,119.920685,65.125694,135.79912,90.66764,136.5304
surveillance_cameras_all/002_cam2_3.jpg,74.72678,103.55403,103.16261,101.83662,91.7182,123.55755,79.53559,136.08038,102.26689,134.75885
surveillance_cameras_all/002_cam3_3.jpg,75.89504,96.09819,101.012245,94.48704,91.11222,113.4636,80.37592,127.053314,100.04017,126.14931
surveillance_cameras_all/002_cam4_3.jpg,58.775246,86.17314,84.195175,84.20702,72.92511,102.95572,62.55041,116.748825,83.849464,115.11691
surveillance_cameras_all/002_cam5_3.jpg,66.8484,114.69917,90.50676,114.865814,77.17836,129.64659,69.45201,141.51347,89.24356,141.73085
surveillance_cameras_all/003_cam1_3.jpg,61.035896,134.51216,100.58197,134.15462,81.12673,162.8745,66.87721,181.19182,96.20428,180.6773
surveillance_cameras_all/003_cam2_3.jpg,55.823174,122.67961,89.33193,119.46235,74.185196,143.61504,62.261894,159.52277,88.381325,157.28357
surveillance_cameras_all/003_cam3_3.jpg,62.740646,110.55423,92.258,107.91819,79.39474,127.64764,67.535736,144.99562,91.66636,142.93126
surveillance_cameras_all/003_cam4_3.jpg,51.53934,123.7159,82.81913,121.04515,68.944626,142.57433,56.061226,158.16373,82.93924,156.15572
surveillance_cameras_all/003_cam5_3.jpg,59.840263,140.1254,89.44368,138.0035,73.910255,156.34778,66.83471,171.73062,89.58655,170.78484
surveillance_cameras_all/004_cam1_3.jpg,62.54436,116.522644,97.01932,117.48487,77.129395,143.62173,63.071762,154.11414,91.66732,155.18495
surveillance_cameras_all/004_cam2_3.jpg,70.05164,132.82281,102.82488,131.28346,87.14155,156.46382,74.0534,169.45183,100.181625,167.37798
surveillance_cameras_all/004_cam3_3.jpg,72.99794,126.82803,103.870575,124.92808,90.80899,147.11836,77.11563,161.38637,102.63941,159.65121
surveillance_cameras_all/004_cam4_3.jpg,60.094326,128.41908,92.16206,124.263245,76.76065,148.00749,65.05938,163.17094,93.779045,158.654
surveillance_cameras_all/004_cam5_3.jpg,62.983963,150.78691,87.10652,149.62962,73.830154,167.9106,65.812195,175.43672,85.87933,175.50066
surveillance_cameras_all/005_cam1_3.jpg,58.047035,134.98442,84.87563,127.28481,73.863884,151.44655,66,163,89,157
surveillance_cameras_all/005_cam2_3.jpg,54.327118,130.29538,86.2766,130.70615,68.127846,155.8113,56.653667,162.55377,81.03063,162.74644
surveillance_cameras_all/005_cam3_3.jpg,68.259155,121.78461,96.847206,119.45672,82.7142,140.75465,73.00341,151.65807,97.71088,149.03305
surveillance_cameras_all/005_cam4_3.jpg,68.98182,136.46117,97.387405,133.6297,82.79926,158.59946,75.455086,168.06364,98.50372,165.54863
surveillance_cameras_all/005_cam5_3.jpg,56.063477,155.64706,76.181335,150.83017,65.8904,169.80975,66.313065,177.99771,82.64745,173.4087
surveillance_cameras_all/006_cam1_3.jpg,66.99613,129.84035,110.69452,134.17422,85.40191,164.4368,66.47134,175.13998,99.72284,180.52776
surveillance_cameras_all/006_cam2_3.jpg,62.885376,134.83394,101.88808,134.1955,83.22614,164.84927,61.36155,175.23152,92.8196,174.5118
surveillance_cameras_all/006_cam3_3.jpg,70.21158,116.004265,103.41975,117.98241,86.66753,139.83926,70.22649,153.52118,94.59284,155.66032
surveillance_cameras_all/006_cam4_3.jpg,62.990177,130.89284,98.82162,130.153,81.075714,157.96465,66.68852,170.38791,94.642685,169.72382
surveillance_cameras_all/006_cam5_3.jpg,57.62766,140.33383,90.17876,142.59378,70.06982,167.8702,60.475876,173.81879,89.34778,175.82686
surveillance_cameras_all/007_cam1_3.jpg,63.331894,106.0332,92.132904,105.08332,77.07917,125.60305,64.401024,134.69972,88.69127,134.3212
surveillance_cameras_all/007_cam2_3.jpg,79.22363,109.06471,102.277405,106.9667,92.47459,123.91544,82.065834,132.50415,100.47835,129.98378
surveillance_cameras_all/007_cam3_3.jpg,74.955696,100.46621,95.64272,98.507454,87.04181,112.94716,76.34936,122.03657,93.99779,120.15824
surveillance_cameras_all/007_cam4_3.jpg,75.2639,96.67172,97.743996,94.58945,88.420975,112.026405,76.40576,119.98925,96.06768,118.134605
surveillance_cameras_all/007_cam5_3.jpg,65.28665,120.32785,85.967636,119.07433,75.12938,132.73378,67.77184,140.99738,86.96369,139.64546
surveillance_cameras_all/008_cam1_3.jpg,60.716766,107.8516,95.65444,107.11173,77.83025,134.48787,65.022095,149.51889,93.55535,148.79445
surveillance_cameras_all/008_cam2_3.jpg,71.80214,91.953995,100.51021,90.76485,88.00329,112.753105,74.98057,125.39364,99.54944,123.26823
surveillance_cameras_all/008_cam3_3.jpg,73.2838,93.26054,98.26221,92.55387,86.97565,110.489174,76.67611,123.50687,97.3105,122.09183
surveillance_cameras_all/008_cam4_3.jpg,51.76645,84.21465,82.491264,82.08134,67.02453,103.7437,56.05574,121.62214,83.52906,119.73022
surveillance_cameras_all/008_cam5_3.jpg,50.693752,82.70273,74.33397,82.28691,60.08139,100.50918,53.86548,111.57024,74.39517,110.59929
surveillance_cameras_all/009_cam1_3.jpg,58.78938,114.31134,99.395325,115.419235,74.50032,146.63708,62.80291,167.28844,94.609024,169.2763
surveillance_cameras_all/009_cam2_3.jpg,53.390514,109.30609,88.14305,107.492165,69.06577,135.27472,60.308174,152.14352,86.30215,151.30157
surveillance_cameras_all/009_cam3_3.jpg,59.886658,118.93507,90.98078,116.472916,72.82253,140.34923,65.35995,160.24582,89.107956,158.7366
surveillance_cameras_all/009_cam4_3.jpg,49.043743,115.8049,80.9733,112.677864,62.180412,139.05893,56.265873,156.67912,80.0439,154.83192
surveillance_cameras_all/009_cam5_3.jpg,51.784164,130.29431,78.54047,131.79568,60.004715,152.46065,55.040085,167.81604,76.60218,169.3673
surveillance_cameras_all/010_cam1_3.jpg,51.27294,133.61032,99.7388,134.6468,73.85274,169.18216,52.903244,184.6676,92.43274,185.3445
surveillance_cameras_all/010_cam2_3.jpg,57.986164,133.0535,94.51146,131.37529,77.08629,161.57216,61.265156,171.29272,93.66455,168.2302
surveillance_cameras_all/010_cam3_3.jpg,73.689766,117.25715,108.394485,117.440445,91.598175,140.50975,77.28275,157.6433,104.18722,156.7148
surveillance_cameras_all/010_cam4_3.jpg,54.51239,133.8021,93.43384,132.32126,74.70323,158.94516,60.438404,178.07425,91.26402,176.17781
surveillance_cameras_all/010_cam5_3.jpg,58.654545,150.10942,87.94693,147.85774,71.00528,170.68228,63.654526,183.3186,88.316284,182.22406
surveillance_cameras_all/011_cam1_3.jpg,64.53143,124.03438,102.11619,123.65876,82.605095,154.59192,67.896904,165.34991,100.57824,164.79266
surveillance_cameras_all/011_cam2_3.jpg,69.64837,123.1134,100.937256,121.701294,85.72087,146.33853,70.996346,155.9409,98.19596,153.73665
surveillance_cameras_all/011_cam3_3.jpg,68.753365,103.81298,97.303986,101.317696,85.06982,123.804436,71.843445,135.05647,95.45625,132.91566
surveillance_cameras_all/011_cam4_3.jpg,76.60227,114.382126,105.83294,111.74974,91.94041,136.88466,80.483635,145.62962,106.24818,142.59885
surveillance_cameras_all/011_cam5_3.jpg,60.834076,111.848854,86.4339,111.07299,72.56143,132.16788,63.714264,139.38878,86.577,138.43587
surveillance_cameras_all/012_cam1_3.jpg,54.663616,103.70458,88.663055,102.51842,70.52977,129.46353,58.514046,144.12994,86.703995,143.23312
surveillance_cameras_all/012_cam2_3.jpg,67.85287,100.02383,95.31811,97.06387,82.220856,119.3272,72.49635,132.15395,95.815025,130.05719
surveillance_cameras_all/012_cam3_3.jpg,66.43886,89.862144,91.87944,87.03157,80.22,106.782196,71.81142,121.15139,92.40115,118.539505
surveillance_cameras_all/012_cam4_3.jpg,61.72282,105.5595,88.70484,102.21884,76.08443,120.51966,67.05873,135.59639,89.66136,132.16539
surveillance_cameras_all/012_cam5_3.jpg,51.19461,114.56408,74.291885,112.24542,60.79482,131.41608,55.144585,143.43349,76.66204,140.85838
surveillance_cameras_all/013_cam1_3.jpg,57.906765,109.11809,90.80003,107.231674,76.523834,132.07654,64.8199,147.72748,90.692894,145.99199
surveillance_cameras_all/013_cam2_3.jpg,68.934685,120.499664,97.45216,117.029854,86.082436,139.08035,77.173615,154.82304,98.82599,151.85472
surveillance_cameras_all/013_cam3_3.jpg,77.41875,108.603,103.83171,105.86157,92.92305,124.3066,84.3313,139.85109,104.64,136.99379
surveillance_cameras_all/013_cam4_3.jpg,59.658493,126.59184,86.93799,124.2425,74.18221,143.06953,65.919136,158.54004,87.62376,156.142
surveillance_cameras_all/013_cam5_3.jpg,51.123074,133.67844,73.22375,132.87892,61.86806,149.46254,55.700157,159.75941,73.9058,158.42719
surveillance_cameras_all/014_cam1_3.jpg,65.91404,119.48983,98.8646,116.92425,83.30558,140.4515,70.90507,155.82072,97.0013,153.83328
surveillance_cameras_all/014_cam2_3.jpg,72.289246,119.391975,99.577446,115.75707,89.20058,136.4779,77.65532,151.09468,99.24635,147.72966
surveillance_cameras_all/014_cam3_3.jpg,64.126564,91.70731,86.91965,90.68962,76.281006,106.69461,66.65282,118.15242,86.8385,117.01278
surveillance_cameras_all/014_cam4_3.jpg,74.05242,91.48807,98.54358,87.606895,85.96993,106.63838,77.97095,119.00158,100.13235,116.359795
surveillance_cameras_all/014_cam5_3.jpg,64.91212,130.60786,87.849724,128.46696,76.914185,145.12999,67.62387,155.86028,87.87445,154.33041
surveillance_cameras_all/015_cam1_3.jpg,72.162575,126.2138,108.11784,126.29963,89.544556,155.91183,75.71778,167.58594,104.37436,168.68538
surveillance_cameras_all/015_cam2_3.jpg,63.5305,123.51612,92.34759,121.39742,79.415054,146.43764,67.53096,158.33994,90.426186,156.05843
surveillance_cameras_all/015_cam3_3.jpg,63.852962,102.6754,93.238045,101.64982,80.12941,121.763275,67.396416,137.82709,90.56873,136.96703
surveillance_cameras_all/015_cam4_3.jpg,70.47891,119.35055,98.766624,117.20146,85.71292,136.58836,74.33266,152.19267,100.604935,150.03925
surveillance_cameras_all/015_cam5_3.jpg,50.01238,118.86567,76.78063,117.19881,61.645126,139.2232,54.740665,150.37367,77.45109,149.82738
surveillance_cameras_all/016_cam1_3.jpg,58.641518,124.92322,89.40064,122.734055,75.26697,147.81902,63.88004,159.43964,89.07101,157.43571
surveillance_cameras_all/016_cam2_3.jpg,69.11038,134.34424,93.23895,133.2785,82.90109,149.75285,71.09384,160.9189,93.65353,159.45485
surveillance_cameras_all/016_cam3_3.jpg,57.97222,119.29278,80.920456,116.85881,72.155556,133.91434,62.383602,145.64787,82.79677,142.53902
surveillance_cameras_all/016_cam4_3.jpg,56.81534,115.92442,80.75325,113.466,70.062836,133.73141,61.14422,146.31773,81.249016,144.16382
surveillance_cameras_all/016_cam5_3.jpg,48.276978,121.58367,69.53548,120.5376,58.087147,136.69496,50.87826,145.26729,72.90572,142.86263
surveillance_cameras_all/017_cam1_3.jpg,74.1241,113.74133,101.64416,112.35862,90.00373,135.71573,77.141014,146.91412,98.44048,145.07974
surveillance_cameras_all/017_cam2_3.jpg,77.08101,102.487015,99.114136,100.518585,92.23749,119.79791,78.7935,129.54002,97.41961,127.57389
surveillance_cameras_all/017_cam3_3.jpg,73.33378,116.32467,94.59991,114.47316,88.488754,131.31848,75.747734,142.56104,92.428604,141.61623
surveillance_cameras_all/017_cam4_3.jpg,80.42183,81.50225,103.29978,79.29255,95.86527,98.383446,83.310715,110.05441,101.34046,107.674
surveillance_cameras_all/017_cam5_3.jpg,64.67351,103.46714,85.46063,103.27469,75.18619,121.60165,66.90732,128.18123,84.71783,128.32826
surveillance_cameras_all/018_cam1_3.jpg,62.888374,119.543015,99.789635,118.967804,79.76135,146.05968,66.19608,161.29012,95.55919,161.00615
surveillance_cameras_all/018_cam2_3.jpg,66.213356,108.52696,95.637344,107.29782,80.29953,131.74367,68.72819,143.67735,93.109024,142.82178
surveillance_cameras_all/018_cam3_3.jpg,69.120766,110.65253,97.727936,109.494965,83.73337,131.18938,71.849525,144.64682,94.69546,143.82416
surveillance_cameras_all/018_cam4_3.jpg,63.000137,108.89262,93.166466,106.886375,79.259384,129.49738,68.39155,144.25014,93.70738,142.06458
surveillance_cameras_all/018_cam5_3.jpg,57.24803,105.54773,86.67309,104.4773,69.36565,128.16171,60.153294,138.48953,88.26257,136.2202
surveillance_cameras_all/019_cam1_3.jpg,57.166687,125.90666,94.35021,123.756836,71.99658,150.90405,64.415955,171.36504,95.289024,169.84561
surveillance_cameras_all/019_cam2_3.jpg,61.557217,132.07672,90.57246,128.09741,75.24172,148.6969,68.831635,165.963,92.90838,162.48476
surveillance_cameras_all/019_cam3_3.jpg,55.5014,110.60941,87.55399,107.42892,73.51194,130.20343,63.899296,149.903,89.14403,146.68463
surveillance_cameras_all/019_cam4_3.jpg,59.85256,125.908714,91.817215,122.550385,75.823,143.70312,67.68794,162.391,93.689095,159.9555
surveillance_cameras_all/019_cam5_3.jpg,49.3125,135.63548,78.24587,132.58723,61.928368,153.14796,56.31972,168.53172,80.9048,167.31862
surveillance_cameras_all/020_cam1_3.jpg,46.00338,135.58156,85.62379,134.33545,64.343025,164.84396,49.763317,175.04263,83.80039,173.4286
surveillance_cameras_all/020_cam2_3.jpg,66.256294,122.66168,98.382,120.76912,83.960495,146.48607,71.42992,157.81003,97.14046,155.7283
surveillance_cameras_all/020_cam3_3.jpg,67.015854,128.87244,98.31699,126.24829,84.37583,150.32625,71.82817,162.79346,95.93628,160.29562
surveillance_cameras_all/020_cam4_3.jpg,68.9338,119.005486,100.461334,116.26844,86.39735,138.66698,74.83795,153.64468,101.67299,150.72319
surveillance_cameras_all/020_cam5_3.jpg,49.92258,119.67398,79.1813,121.26918,61.852524,141.80353,53,148,77.448006,150.84393
surveillance_cameras_all/021_cam1_3.jpg,61.203163,109.35491,99.42051,108.47913,79.78312,132.58545,64.955666,154.73619,96.60708,154.23424
surveillance_cameras_all/021_cam2_3.jpg,69.2166,92.37855,100.60249,89.07246,86.676254,112.49292,75.2915,130.61859,100.47708,127.94457
surveillance_cameras_all/021_cam3_3.jpg,73.963524,95.000435,102.61897,91.191124,91.04806,110.61341,79.664444,128.11194,104.27622,124.58917
surveillance_cameras_all/021_cam4_3.jpg,75,93,102.81492,86.78794,91,107,80,127,106,123
surveillance_cameras_all/021_cam5_3.jpg,65.75425,108.218864,91.18571,105.38328,76.72532,125.216484,69.74179,137.43259,93.086784,135.71547
surveillance_cameras_all/022_cam1_3.jpg,68.207985,120.90204,110.86213,120.06178,89.50034,154.31714,71.26228,169.24045,107.79005,168.29083
surveillance_cameras_all/022_cam2_3.jpg,64.84027,120.887924,99.31931,118.82002,85.36123,141.69577,67.77235,158.42645,99.16093,155.85014
surveillance_cameras_all/022_cam3_3.jpg,61.211056,112.96687,92.84201,110.26075,80.041176,135.39755,64.788994,151.37897,91.74587,148.06915
surveillance_cameras_all/022_cam4_3.jpg,71.77759,109.97334,105.93288,105.812126,91.31809,132.01443,78.56508,152.79678,106.77103,148.01302
surveillance_cameras_all/022_cam5_3.jpg,69.07763,123.29451,99.38286,119.79253,83.75025,146.07494,74.25872,158.43584,101.043495,155.3375
surveillance_cameras_all/023_cam1_3.jpg,71.01148,108.73644,109.69269,106.922195,92.4451,134.74721,76.650024,156.14594,105.193756,155.1634
surveillance_cameras_all/023_cam2_3.jpg,72.55752,117.74041,104.508156,114.08343,91.33396,139.54907,78.96673,159.16095,104.21231,156.39226
surveillance_cameras_all/023_cam3_3.jpg,71.52447,106.76411,103.71095,103.25253,90.715225,126.748566,78.81386,147.42351,102.208786,144.88766
surveillance_cameras_all/023_cam4_3.jpg,63.11711,103.07456,93.86956,99.74578,80.26677,122.89334,70.32755,143.78749,93.83744,140.92894
surveillance_cameras_all/023_cam5_3.jpg,54.917812,117.33772,85.544846,115.45306,67.24779,137.48811,59.46296,154.39885,83.651245,152.5662
surveillance_cameras_all/024_cam1_3.jpg,62.796326,110.70743,99.65135,111.22102,81.35049,135.9871,64.41584,148.67213,97.428276,150.07048
surveillance_cameras_all/024_cam2_3.jpg,66.61682,113.13423,95.904076,113.41452,83.416695,133.40514,67.49395,146.54948,94.81554,145.77495
surveillance_cameras_all/024_cam3_3.jpg,67.387054,104.09389,94.71763,105.45716,83.551346,120.38599,69.36175,135.04027,91.211174,135.94038
surveillance_cameras_all/024_cam4_3.jpg,78.06752,114.23399,106.81731,114.45773,93.529495,133.5366,80.24336,148.44762,104.15701,148.60323
surveillance_cameras_all/024_cam5_3.jpg,45.62039,116.962616,72.37486,119.08339,56.564365,136.5111,46.25056,147.79605,69.0541,149.61482
surveillance_cameras_all/025_cam1_3.jpg,59.47144,131.00786,103.40516,133.04825,79.75493,160.03694,60.245274,181.26581,95.62603,184.24854
surveillance_cameras_all/025_cam2_3.jpg,70.36624,111.69854,106.51431,112.651,88.51069,133.7985,71.97884,154.97603,103.12854,155.71068
surveillance_cameras_all/025_cam3_3.jpg,71.6676,104.43428,106.984665,102.83484,91.05896,124.39436,76.29618,145.29588,103.49531,144.08527
surveillance_cameras_all/025_cam4_3.jpg,59.353123,117.9018,90.63135,116.92591,73.0564,137.77422,59,159,90,159
surveillance_cameras_all/025_cam5_3.jpg,54.32111,132.25305,88.19958,131.472,69.95457,148.72925,56.1248,165.46587,86.115265,166.07233
surveillance_cameras_all/026_cam1_3.jpg,56.78082,112.888405,92.31058,112.166145,75.49468,136.72618,60.551,153.44403,89.9071,152.20602
surveillance_cameras_all/026_cam2_3.jpg,67.00599,105.47927,96.12735,102.52734,83.5464,124.45918,71.50855,139.06952,97.2864,135.30849
surveillance_cameras_all/026_cam3_3.jpg,67.217964,82.07418,93.51887,80.06649,82.8935,97.633286,70.58719,111.7927,94.4432,109.467735
surveillance_cameras_all/026_cam4_3.jpg,77.62394,94.32763,104.666595,91.887024,93.23619,110.04385,82.262314,126.61568,105.81325,123.75461
surveillance_cameras_all/026_cam5_3.jpg,66.21148,93.805664,92.84008,93.16636,79.50259,111.028625,70.4801,124.5234,93.71525,123.03196
surveillance_cameras_all/027_cam1_3.jpg,64.36296,124.33873,97.871124,125.35076,80.95395,152.67009,66.88096,164.02583,93.16169,165.00793
surveillance_cameras_all/027_cam2_3.jpg,72.99552,118.42074,101.323296,116.99701,89.14931,139.50208,77.097015,150.73409,98.44316,149.68083
surveillance_cameras_all/027_cam3_3.jpg,72.44834,109.6564,94.76717,109.03682,85.415855,126.353355,75.82991,138.31015,93.57375,137.08054
surveillance_cameras_all/027_cam4_3.jpg,68.08069,104.74686,93.26107,102.423004,81.03012,122.339134,72.86902,134.7384,91.8777,133.28525
surveillance_cameras_all/027_cam5_3.jpg,56.556602,134.05368,79.658844,133.79883,66.5987,149.902,59.21757,160.9089,78.17443,160.58018
surveillance_cameras_all/028_cam1_3.jpg,63.48345,118.29315,96.5517,117.413864,79.3919,144.0474,66.9617,155.75867,95.16089,155.1253
surveillance_cameras_all/028_cam2_3.jpg,70.52277,97.39138,96.72671,95.282135,83.299904,118.97199,73.658875,126.73086,96.47007,124.761604
surveillance_cameras_all/028_cam3_3.jpg,69.601456,103.555435,94.625755,101.28543,84.05471,122.36337,72.7694,130.95638,94.39184,129.05424
surveillance_cameras_all/028_cam4_3.jpg,62.096573,102.27935,88.02915,99.53928,76.13419,121.18494,66.04239,131.3703,88.96397,128.99681
surveillance_cameras_all/028_cam5_3.jpg,70.48002,121.19024,91.507904,119.91529,79.4062,138.8159,73.11172,146.0045,93.366234,144.62642
surveillance_cameras_all/029_cam1_3.jpg,75.12148,92.65389,102.09947,91.51274,89.88116,110.608284,78.79911,123.03061,99.36454,122.0785
surveillance_cameras_all/029_cam2_3.jpg,66.2129,121.720276,93.911224,119.85378,82.41652,136.35585,70.31459,150.72595,94.642654,148.30527
surveillance_cameras_all/029_cam3_3.jpg,68.82777,100.26415,94.50839,97.50533,83.37433,116.84485,73.212875,128.51659,93.937874,126.420235
surveillance_cameras_all/029_cam4_3.jpg,61.031338,118.08737,87.933174,115.70508,75.860565,137.00427,65.56996,150.02617,87.0833,148.20842
surveillance_cameras_all/029_cam5_3.jpg,68.43782,141.41643,90.77806,142.59784,77.261955,157.53026,69.98254,164.52171,89.578476,166.0489
surveillance_cameras_all/030_cam1_3.jpg,63.063393,123.50385,95.099495,123.73874,78.541,148.24133,66.42118,162.97218,90.77861,163.23372
surveillance_cameras_all/030_cam2_3.jpg,73.75968,114.13716,106.02334,115.49418,88.75176,139.55232,74.220665,149.30577,98.32992,151.17436
surveillance_cameras_all/030_cam3_3.jpg,82.02876,103.63263,111.96237,101.67319,97.215904,125.091934,86.30669,139.70282,108.41668,138.79036
surveillance_cameras_all/030_cam4_3.jpg,66.66518,115.12228,100.492065,113.51389,84.94689,137.6276,69.80548,154.4216,97.40445,152.81068
surveillance_cameras_all/030_cam5_3.jpg,75.09088,117.12628,105.319405,117.73717,86.01286,142.61357,76.58294,150.92386,102.61864,152.57039
surveillance_cameras_all/031_cam1_3.jpg,71.729385,117.512505,105.576416,118.53992,87.97251,140.99277,74.24777,153.14761,103.246216,153.67393
surveillance_cameras_all/031_cam2_3.jpg,72.28473,115.68529,97.38076,115.04059,85.358894,133.4896,75.41623,142.90198,96.77793,141.92914
surveillance_cameras_all/031_cam3_3.jpg,70.878975,94.3775,95.680275,92.75077,84.41486,111.74566,73.87295,121.62855,94.93378,119.90244
surveillance_cameras_all/031_cam4_3.jpg,65.79156,91.539894,91.44332,89.37546,79.314995,109.50433,69.35524,120.17786,90.508606,117.90669
surveillance_cameras_all/031_cam5_3.jpg,64.55663,119.518845,87.311134,119.61907,74.18109,135.81105,65.97984,142.46078,89.56395,142.49005
surveillance_cameras_all/032_cam1_3.jpg,66.03615,116.37809,104.07689,116.43874,85.13619,147.84937,68.80518,161.1542,97.748405,161.26782
surveillance_cameras_all/032_cam2_3.jpg,69.853966,105.69936,99.70153,105.25334,85.052376,129.59964,69.907326,140.86432,93.52991,139.77237
surveillance_cameras_all/032_cam3_3.jpg,95.74593,100.07085,123.01955,98.7844,110.45269,119.90887,97.90993,133.77972,118.83338,132.79465
surveillance_cameras_all/032_cam4_3.jpg,73.725105,95.00319,101.63614,92.56301,88.897995,117.05599,77.09254,131.58813,100.58034,129.89441
surveillance_cameras_all/032_cam5_3.jpg,68.067,102.12062,94.809,101.79311,80.19158,124.20488,70.40193,134.72644,92.63701,134.99725
surveillance_cameras_all/033_cam1_3.jpg,62.343456,129.81937,107.8105,127.628876,86.790146,165.01303,68.897964,181.49252,103.577095,179.19449
surveillance_cameras_all/033_cam2_3.jpg,53.93524,116.85527,94.08323,111.66352,80.79239,144.4855,62.605152,161.77756,93.09316,156.89082
surveillance_cameras_all/033_cam3_3.jpg,69.89487,117.086815,110.305565,111.938286,96.56043,143.88365,78.70502,162.1993,108.69861,157.27766
surveillance_cameras_all/033_cam4_3.jpg,59.32638,121.762794,94.19212,117.99078,77.98061,146.31863,66.9186,161.42474,92.69957,159.1027
surveillance_cameras_all/033_cam5_3.jpg,58.557438,139.01912,90.93153,137.04059,73.29884,167.65395,62.732437,174.94078,91.38649,174.39967
surveillance_cameras_all/034_cam1_3.jpg,54.544563,116.59234,97.250946,115.76435,75.13429,147.46501,60.281326,167.54472,91.77128,168.25676
surveillance_cameras_all/034_cam2_3.jpg,72.5878,104.9325,104.478806,104.374504,89.06619,127.004715,75.07083,144.5328,101.625534,144.06894
surveillance_cameras_all/034_cam3_3.jpg,61.7777,88.49161,93.43296,87.20973,78.94171,108.84859,67.10619,127.18719,90.32843,126.460495
surveillance_cameras_all/034_cam4_3.jpg,65.20236,86.29708,97.18682,83.78468,82.185326,106.609024,70.785934,126.025696,95.403625,124.49447
surveillance_cameras_all/034_cam5_3.jpg,58.61311,109.33007,88.96217,107.645294,73.48942,128.85226,62.94183,145.6052,88.95576,143.86801
surveillance_cameras_all/035_cam1_3.jpg,67.20117,116.67135,109.52228,112.522255,87.583534,144.55746,73.912964,167.04764,108.828766,164.08072
surveillance_cameras_all/035_cam2_3.jpg,75.40684,110.11531,110.92427,104.51653,94.83026,129.0769,85.68137,147.95786,113.14748,144.251
surveillance_cameras_all/035_cam3_3.jpg,67.810814,98.29998,99.88661,94.65582,86.62808,116.40508,72.85827,136.80394,101.29173,133.88094
surveillance_cameras_all/035_cam4_3.jpg,47.933636,113.51057,83.2866,107.4316,67.262985,130.03,57.090122,150.7973,85.49502,146.38698
surveillance_cameras_all/035_cam5_3.jpg,54.136578,123.00235,82.64012,121.80077,64.06412,142.67719,56.52746,156.83989,83.174614,157.26387
surveillance_cameras_all/036_cam1_3.jpg,59.4082,121.60018,100.43452,123.56339,78.32396,151.49762,60.64187,167.33214,93.55722,169.92386
surveillance_cameras_all/036_cam2_3.jpg,65.67373,113.329346,99.84587,113.075356,83.323074,135.85982,67.33494,152.13374,96.15785,151.95375
surveillance_cameras_all/036_cam3_3.jpg,67.60303,100.92041,97.67711,100.617546,84.318115,119.605286,70.187416,135.3575,95.63657,134.98419
surveillance_cameras_all/036_cam4_3.jpg,71.978775,112.09053,104.14672,111.68498,86.352264,131.2632,74.3246,148.38174,102.059715,147.58322
surveillance_cameras_all/036_cam5_3.jpg,64.33097,105.136566,93.03796,106.4089,73.86799,125.92099,64.49885,137.85612,91.46824,139.07333
surveillance_cameras_all/037_cam1_3.jpg,70.47933,122.0384,114.568115,122.235565,90.64937,158.5443,73.46321,172.05205,109.06268,172.84123
surveillance_cameras_all/037_cam2_3.jpg,72.30689,123.81712,111.45926,120.30317,92.719185,151.13968,75.041885,167.48373,106.51191,163.066
surveillance_cameras_all/037_cam3_3.jpg,73.68297,106.985405,108.25105,107.7642,91.63573,133.87914,73.95091,144.88202,102.594795,144.62949
surveillance_cameras_all/037_cam4_3.jpg,74.458046,122.6966,106.55428,121.97137,91.8195,144.65912,77.32342,157.90024,103.678406,157.33134
surveillance_cameras_all/037_cam5_3.jpg,50.374176,130.65941,80.287735,127.652245,62.881023,154.13353,56.262512,164.15659,79.87134,162.84225
surveillance_cameras_all/038_cam1_3.jpg,62.650608,139.5217,105.33547,129.63766,87.99801,168.0368,73,178,104,173
surveillance_cameras_all/038_cam2_3.jpg,71.34041,129.20648,107.24067,119.485794,94.636635,150.02602,82.9221,169.10536,111.03367,160.33444
surveillance_cameras_all/038_cam3_3.jpg,74.230865,126.79951,107.568855,118.73391,97.17938,148.26073,84.19119,165.3232,110.11953,159.36888
surveillance_cameras_all/038_cam4_3.jpg,58.75309,122.72677,97.441124,116.17864,81.90748,149.36263,66.7656,166.41052,99.98942,160.43053
surveillance_cameras_all/038_cam5_3.jpg,64.11594,134.50552,91.77514,127.33724,78.60195,153.1553,74.07779,165.09766,96.32856,158.87659
surveillance_cameras_all/039_cam1_3.jpg,58.981903,120.67505,90.826706,118.82887,75.07999,139.43138,60.027412,154.36461,89.96946,152.07043
surveillance_cameras_all/039_cam2_3.jpg,72.05089,101.51167,98.65626,100.30231,86.179955,117.76594,73.31631,128.65541,98.67482,127.446
surveillance_cameras_all/039_cam3_3.jpg,68.68188,88.87049,93.57339,86.47484,83.70245,103.258064,70.57847,114.970604,94.41119,112.007355
surveillance_cameras_all/039_cam4_3.jpg,65.4145,102.49084,91.36605,98.9175,80.80154,117.65299,68.583046,128.70497,92.64427,126.29508
surveillance_cameras_all/039_cam5_3.jpg,54.481747,137.34784,77.590256,137.04391,64.66737,151.63947,55.78075,158.05287,78.746574,158.95601
surveillance_cameras_all/040_cam1_3.jpg,60.69442,105.6989,97.127396,108.34674,76.985695,135.91086,61.08652,149.40944,89.47239,151.38542
surveillance_cameras_all/040_cam2_3.jpg,69.79974,116.16511,99.42393,116.77815,85.18011,140.02296,71.61473,151.35043,95.721176,151.9235
surveillance_cameras_all/040_cam3_3.jpg,62.92897,111.91908,90.888565,111.73277,77.14013,129.80727,65.069336,144.67108,87.33754,144.1146
surveillance_cameras_all/040_cam4_3.jpg,60.138817,125.53048,88.489204,124.97412,73.99327,146.70479,63.44537,159.69736,87.279755,159.28963
surveillance_cameras_all/040_cam5_3.jpg,61.608513,111.26556,87.286835,112.38763,72.32599,133.02693,62.821823,141.63704,84.88201,142.93723
surveillance_cameras_all/041_cam1_3.jpg,69.05725,117.88993,106.48068,119.29786,87.288864,146.76305,69.69269,162.84366,100.417625,164.97859
surveillance_cameras_all/041_cam2_3.jpg,64.75628,103.430305,95.24755,99.41417,81.38194,124.23063,71.476524,141.06891,95.335144,137.15085
surveillance_cameras_all/041_cam3_3.jpg,69.57074,98.2493,97.84255,94.834724,87.7815,114.72857,77.37684,133.79787,99.271126,131.05302
surveillance_cameras_all/041_cam4_3.jpg,64.855804,116.63873,95.572,111.59705,81.701065,137.63483,72.86342,154.8049,96.363235,151.69237
surveillance_cameras_all/041_cam5_3.jpg,53.53545,123.56294,81.127785,122.81266,65.219475,146.90302,60.395493,157.47646,81.34489,156.39738
surveillance_cameras_all/042_cam1_3.jpg,66.36743,129.15105,107.03803,131.10681,85.12484,158.918,67.3468,176.9386,98.51909,178.5817
surveillance_cameras_all/042_cam2_3.jpg,69.7485,107.179474,103.14558,105.99139,87.454605,132.98067,73.27224,150.27225,98.53071,149.45639
surveillance_cameras_all/042_cam3_3.jpg,69.10478,109.985886,100.750046,107.18017,88.73757,130.2135,74.70091,147.88007,99.380714,145.51619
surveillance_cameras_all/042_cam4_3.jpg,59.71686,105.31853,91.2993,103.83083,75.478165,126.53809,62.9043,145.48116,88.61372,144.29855
surveillance_cameras_all/042_cam5_3.jpg,65.18411,145.11195,91.98433,145.18002,74.67983,165.1221,66.5795,177.23392,90.83919,178.3403
surveillance_cameras_all/043_cam1_3.jpg,51.303726,129.26282,87.65871,126.767586,68.22499,152.04042,59.25095,170.67654,87.298134,169.96658
surveillance_cameras_all/043_cam2_3.jpg,67.24913,105.88539,98.86255,102.99902,80.51391,129.8878,72.41019,143.76672,98.34301,142.06349
surveillance_cameras_all/043_cam3_3.jpg,55.221004,104.88939,85.55672,99.35054,71.144424,121.378815,64.78654,139.55054,87.47516,135.29243
surveillance_cameras_all/043_cam4_3.jpg,58.898937,119.96328,90.60383,114.13347,74.866936,138.28227,66.30659,157.34787,94.3161,151.92578
surveillance_cameras_all/043_cam5_3.jpg,63.01326,124.80514,88.0053,121.951324,71.64669,143.82599,70.392006,157.50845,92.43915,154.61583
surveillance_cameras_all/044_cam1_3.jpg,72.48959,116.60875,106.23972,117.29704,88.82395,139.72874,75.09675,157.43555,101.1308,158.18546
surveillance_cameras_all/044_cam2_3.jpg,67.00126,106.737274,94.51926,104.9189,83.49426,124.354485,70.94182,138.09541,92.27217,137.4386
surveillance_cameras_all/044_cam3_3.jpg,75.301575,103.48642,100.54864,102.50232,90.79901,118.331696,78.80119,133.37654,98.04198,132.69812
surveillance_cameras_all/044_cam4_3.jpg,66.60036,97.48566,91.47624,95.09336,80.96782,111.874405,70.38234,127.87903,90.3152,126.46179
surveillance_cameras_all/044_cam5_3.jpg,68.89563,102.82562,91.67096,103.39544,80.185715,117.4592,69.54622,128.4839,91.03144,129.75195
surveillance_cameras_all/045_cam1_3.jpg,63.871536,126.650734,100.10707,126.3507,82.15981,149.64949,65.37693,164.08636,97.73234,163.77766
surveillance_cameras_all/045_cam2_3.jpg,68.806496,105.467094,97.1838,103.19543,85.245575,120.405396,71.76221,136.78133,99.386185,134.02263
surveillance_cameras_all/045_cam3_3.jpg,80.22148,82.000854,108.02554,79.20367,97.38815,95.08752,84.62708,111.49399,110.97504,108.496086
surveillance_cameras_all/045_cam4_3.jpg,72.22621,112.59952,102.2108,108.997795,87.62614,125.48229,75.58731,142.88525,104.12038,139.48476
surveillance_cameras_all/045_cam5_3.jpg,62.139442,121.1967,87.64172,121.804184,73.324005,137.01213,61.854263,147.49289,89.105774,148.03476
surveillance_cameras_all/046_cam1_3.jpg,75.75622,123.73513,115.22593,123.41138,96.00108,156.2454,79.611496,170.7486,109.44059,170.85432
surveillance_cameras_all/046_cam2_3.jpg,76.68437,101.94581,107.86325,101.06506,94.411385,126.47639,79.12392,140.91933,104.39881,139.42793
surveillance_cameras_all/046_cam3_3.jpg,75.107086,95.866295,103.47854,95.04026,92.5087,114.893845,78.53809,130.7781,101.79451,130.00624
surveillance_cameras_all/046_cam4_3.jpg,64.392136,106.226585,95.68885,104.78968,82.32047,128.22443,68.932396,145.59732,92.7546,144.14467
surveillance_cameras_all/046_cam5_3.jpg,56.790535,114.3809,87.62354,114.31027,71.74718,137.34634,61.140865,152.30403,87.33458,151.35342
surveillance_cameras_all/047_cam1_3.jpg,65.26136,127.7422,104.42056,126.66869,84.83759,156.59818,71.9828,175.4997,101.50373,174.67264
surveillance_cameras_all/047_cam2_3.jpg,57.11269,120.97191,88.897285,117.826996,73.30074,142.9903,62.97013,160.44333,89.04686,157.4487
surveillance_cameras_all/047_cam3_3.jpg,75.52649,114.33686,105.29095,111.80522,90.47937,133.60286,81.80669,152.15399,106.00023,149.76909
surveillance_cameras_all/047_cam4_3.jpg,63.981647,110.56909,93.95571,107.72021,79.210945,131.72527,71.01716,149.22882,94.872055,146.90636
surveillance_cameras_all/047_cam5_3.jpg,58.92704,119.51951,86.694534,117.23441,71.27578,139.8061,64.13165,155.37563,90.37809,153.2197
surveillance_cameras_all/048_cam1_3.jpg,63.15013,121.93105,102.4279,126.27976,85.318054,154.16333,62.36525,174.22035,93.43653,177.30531
surveillance_cameras_all/048_cam2_3.jpg,66.66898,100.61992,99.9889,102.69206,86.92903,123.59474,68.43933,142.52052,95.35507,143.17984
surveillance_cameras_all/048_cam3_3.jpg,71.76779,91.901146,102.071045,93.50504,91.28785,111.24168,76.21645,130.87857,98.99572,131.50136
surveillance_cameras_all/048_cam4_3.jpg,77.56438,102.056,109.736115,102.62325,97.184105,121.47865,80.343666,143.87721,105.8115,144.20955
surveillance_cameras_all/048_cam5_3.jpg,66.20204,105.598015,97.08084,107.5426,81.11387,127.314896,66.36661,143.35365,92.93646,144.63239
surveillance_cameras_all/049_cam1_3.jpg,70.56706,119.7309,97.877075,119.80186,85.16841,138.65253,72.67443,150.54712,95.60713,150.70958
surveillance_cameras_all/049_cam2_3.jpg,68.46937,111.24239,89.0306,110.65966,80.20973,125.82722,70.30691,135.13889,88.7272,133.78857
surveillance_cameras_all/049_cam3_3.jpg,67.404594,109.63536,86.20032,108.654686,78.365715,121.79359,69.671524,130.23624,87.00265,128.54657
surveillance_cameras_all/049_cam4_3.jpg,69.24846,122.088,89.14242,119.82742,79.66298,135.66089,72.37444,143.8039,89.84097,141.94405
surveillance_cameras_all/049_cam5_3.jpg,65.39484,119.13844,83.6345,118.97112,73.495575,132.26936,66.62581,138.57521,84.33991,138.67773
surveillance_cameras_all/050_cam1_3.jpg,57.50465,109.39934,101.91012,107.3893,81.4619,140.07654,62.1055,160.87335,97.98525,160.16638
surveillance_cameras_all/050_cam2_3.jpg,72.01307,110.94036,108.25249,108.991905,94.15802,131.20477,77.96154,153.25645,106.77871,151.3213
surveillance_cameras_all/050_cam3_3.jpg,67.57299,105.70249,100.85023,104.32031,86.776634,122.51761,73.05714,143.4845,100.1049,141.23221
surveillance_cameras_all/050_cam4_3.jpg,72.00021,115.11879,107.80885,112.328835,92.37172,134.38817,78.67029,155.49243,107.46403,152.69414
surveillance_cameras_all/050_cam5_3.jpg,62.63588,97.34515,97.356926,96.19057,79.62449,117.77418,67.01264,135.01259,96.32697,134.62639
surveillance_cameras_all/051_cam1_3.jpg,67.388084,119.48482,108.059814,119.83543,91.44873,141.77635,74.1445,170.55914,104.85784,170.57552
surveillance_cameras_all/051_cam2_3.jpg,72.536064,118.975586,105.06708,116.47253,92.84437,138.46664,79.9193,160.86777,105.28218,159.61261
surveillance_cameras_all/051_cam3_3.jpg,72.889275,96.77014,103.33369,93.9408,92.87711,112.553215,80.84511,136.50046,103.81348,134.02586
surveillance_cameras_all/051_cam4_3.jpg,77.93678,107.11681,109.29609,103.724045,96.99919,125.36058,83.0499,147.12555,109.30306,144.80411
surveillance_cameras_all/051_cam5_3.jpg,56.22155,102.102715,86.27234,101.47728,70.0732,118.550705,60.36662,139.27367,84.035034,139.38373
surveillance_cameras_all/052_cam1_3.jpg,57.478207,115.363045,90.87707,116.846565,71.61776,142.08017,59.1908,156.25053,87.92119,157.94827
surveillance_cameras_all/052_cam2_3.jpg,72.83589,111.596565,100.620834,111.739204,86.35016,134.84196,73.07569,144.0947,98.20125,145.31996
surveillance_cameras_all/052_cam3_3.jpg,69.58075,100.21365,96.3009,100.43469,83.41593,118.74359,70.3382,130.46329,94.76742,130.58333
surveillance_cameras_all/052_cam4_3.jpg,68.06363,116.31964,94.009026,116.25659,79.77315,134.58397,69.655136,145.70998,93.953026,145.98447
surveillance_cameras_all/052_cam5_3.jpg,58.485313,107.97622,82.455925,109.025856,67.528404,127.89535,57.929104,135.33012,82.757,136.48398
surveillance_cameras_all/053_cam1_3.jpg,61.62356,136.3309,94.80744,135.23293,78.79195,161.79367,63.788383,172.04576,91.33499,172.24435
surveillance_cameras_all/053_cam2_3.jpg,63.996853,112.83426,89.44493,109.63837,80.29123,130.19145,67.91216,142.28581,88.16868,139.33781
surveillance_cameras_all/053_cam3_3.jpg,70.124695,105.98024,94.03651,103.64028,85.03391,120.02587,73.302635,131.36285,94.56915,129.86946
surveillance_cameras_all/053_cam4_3.jpg,67.098946,118.63457,91.47839,114.81604,82.39836,132.20712,70.585915,146.74168,92.2325,143.25966
surveillance_cameras_all/053_cam5_3.jpg,57.23926,126.42788,79.17064,122.73406,69.19968,139.75052,62.401196,151.96532,80.96213,148.7176
surveillance_cameras_all/054_cam1_3.jpg,59.242104,115.50593,98.072975,117.38832,77.234375,143.3882,61.16643,162.06708,90.3503,164.15535
surveillance_cameras_all/054_cam2_3.jpg,67.79739,115.57771,98.73969,115.5866,83.95146,137.77335,70.90511,155.22327,94.558105,155.39977
surveillance_cameras_all/054_cam3_3.jpg,67.177704,99.67479,95.93875,98.657585,81.94585,116.40735,71.940704,133.59795,92.349754,133.15164
surveillance_cameras_all/054_cam4_3.jpg,57.64325,107.35969,88.68849,107.493164,73.146286,129.1154,62.016315,146.16554,85.35061,145.9561
surveillance_cameras_all/054_cam5_3.jpg,57.812702,96.92701,86.18277,96.060814,71.03399,115.052315,63.1446,131.31693,84.94082,130.97758
surveillance_cameras_all/055_cam1_3.jpg,71.63286,130.48413,104.11624,134.50832,86.624344,157.0122,68.99378,166.66531,96.629234,169.7516
surveillance_cameras_all/055_cam2_3.jpg,84.5264,107.053566,113.0039,108.306244,99.344215,126.85913,84.163246,136.91455,107.388794,138.6737
surveillance_cameras_all/055_cam3_3.jpg,84.08677,97.64268,108.18504,99.37743,97.6191,113.79977,82.824005,125.872765,104.32132,127.32206
surveillance_cameras_all/055_cam4_3.jpg,78.47706,125.57198,103.32608,127.17215,90.82504,145.03741,77.024376,156.45158,99.476974,158.13371
surveillance_cameras_all/055_cam5_3.jpg,77.39237,141.3069,101.37244,145.51514,87.73176,158.4874,74.428825,165.38277,96.61681,170.04211
surveillance_cameras_all/056_cam1_3.jpg,63.50014,112.63075,100.792854,113.30786,80.55489,140.0909,64.82254,154.13889,96.26885,154.88982
surveillance_cameras_all/056_cam2_3.jpg,73.64072,107.812096,104.96455,108.716774,89.60182,130.84877,75.680115,143.30405,102.85855,142.94598
surveillance_cameras_all/056_cam3_3.jpg,75.787766,101.45279,104.40085,101.36691,91.06873,119.850204,78.88509,135.66919,101.86013,134.68497
surveillance_cameras_all/056_cam4_3.jpg,68.85565,115.77114,97.4463,114.65415,83.44812,135.2204,72.31405,148.90541,95.80592,147.66101
surveillance_cameras_all/056_cam5_3.jpg,50.82974,115.84501,77.77608,116.183975,62.756775,134.19086,53.365612,145.91914,77.66413,145.04962
surveillance_cameras_all/057_cam1_3.jpg,61.36508,117.64609,99.62712,116.71175,78.51758,145.00984,65.941505,164.28798,93.85936,163.53261
surveillance_cameras_all/057_cam2_3.jpg,66.56722,102.500374,97.41946,99.40722,83.99317,124.04922,71.3949,139.8356,95.48704,137.13269
surveillance_cameras_all/057_cam3_3.jpg,81.78591,100.03645,110.75457,96.38382,98.49724,116.35016,87.94095,133.5615,110.027756,129.87363
surveillance_cameras_all/057_cam4_3.jpg,72.67394,112.237114,103.479324,108.06534,90.638145,129.55452,79.50181,147.48064,103.779915,143.71696
surveillance_cameras_all/057_cam5_3.jpg,68.7205,104.98479,98.28024,101.9502,83.22674,123.20824,75.33494,139.53821,97.09551,137.08528
surveillance_cameras_all/058_cam1_3.jpg,73.76275,115.41335,109.68121,115.80094,95.62796,141.36417,72.53365,156.56445,105.688675,157.08382
surveillance_cameras_all/058_cam2_3.jpg,78.566475,99.35483,113.12685,97.375114,100.37714,121.88878,82.39966,138.90477,114.447365,136.79858
surveillance_cameras_all/058_cam3_3.jpg,79.9695,103.96792,107.94598,103.04297,97.57428,121.23662,82.260994,138.58763,107.10655,137.23581
surveillance_cameras_all/058_cam4_3.jpg,71.42476,119.58345,100.57297,118.532906,89.45166,135.19473,74.318756,152.01582,101.550995,151.34921
surveillance_cameras_all/058_cam5_3.jpg,65.044624,121.94095,90.71906,124.05365,77.77753,139.32701,65.688126,151.68486,90.3704,153.51399
surveillance_cameras_all/059_cam1_3.jpg,72.197716,114.07706,105.165436,114.94497,89.33262,137.94286,74.89563,155.96693,99.48474,156.54073
surveillance_cameras_all/059_cam2_3.jpg,72.800896,106.22315,100.50634,105.29552,89.002975,126.09954,76.44954,143.15924,98.29488,142.31868
surveillance_cameras_all/059_cam3_3.jpg,69.402405,112.31341,94.782104,110.34696,85.0981,127.69486,74.68425,144.19426,94.23076,142.5344
surveillance_cameras_all/059_cam4_3.jpg,68.51344,122.92389,94.33353,121.37163,82.827545,139.54977,72.90946,156.9778,92.72943,155.0701
surveillance_cameras_all/059_cam5_3.jpg,56.143417,113.18082,80.67892,113.329185,68.42595,131.46526,60.12325,145.98975,81.80164,144.90411
surveillance_cameras_all/060_cam1_3.jpg,63.25036,118.642876,96.78266,120.98052,79.2139,144.31981,62.04963,151.98816,93.33251,154.32512
surveillance_cameras_all/060_cam2_3.jpg,78.89055,107.00275,107.29299,108.442245,93.88063,128.9285,76.40498,134.275,105.94055,136.27043
surveillance_cameras_all/060_cam3_3.jpg,62.710163,81.81511,87.582634,82.30083,75.943275,98.56466,61.05736,107.53194,86.169586,107.42544
surveillance_cameras_all/060_cam4_3.jpg,74.735435,91.23223,101.473366,91.51019,89.068504,110.64949,74.21196,119.01025,100.94902,118.55018
surveillance_cameras_all/060_cam5_3.jpg,63.90341,87.877785,89.88839,90.22515,73.95475,107.1789,62.00414,111.839806,89.30499,114.28443
surveillance_cameras_all/061_cam1_3.jpg,59.939384,106.44047,100.92165,111.33537,76.33971,131.27579,58.91423,151.27324,96.45626,154.81848
surveillance_cameras_all/061_cam2_3.jpg,57.775608,107.0207,95.03445,106.680504,76.07111,128.996,59.61851,147.5481,94.56745,146.70993
surveillance_cameras_all/061_cam3_3.jpg,61.203415,95.40804,94.56714,95.24059,77.0058,108.875694,62.536137,129.02853,94.01396,129.10905
surveillance_cameras_all/061_cam4_3.jpg,63.622143,89.505486,100.85536,88.07086,78.91187,108.69145,65.65071,129.99376,100.40453,129.45386
surveillance_cameras_all/061_cam5_3.jpg,56.360546,108.772514,89.835884,108.12805,72.73937,125.09652,60.941223,143.40683,90.0089,142.26688
surveillance_cameras_all/062_cam1_3.jpg,78.079254,96.014595,106.87498,98.673386,95.23717,114.5529,80.37305,133.04239,101.664375,134.83412
surveillance_cameras_all/062_cam2_3.jpg,70.04878,96.17255,93.61996,96.53644,86.15862,110.36795,74.14732,125.58087,92.08193,125.39801
surveillance_cameras_all/062_cam3_3.jpg,82.52013,94.80581,104.80437,94.7602,97.5522,107.219604,86.85822,122.709015,104.0841,122.26494
surveillance_cameras_all/062_cam4_3.jpg,71.57233,92.680954,95.177795,92.18051,86.277435,104.014275,75.91362,121.267624,94.47975,120.393654
surveillance_cameras_all/062_cam5_3.jpg,68.15894,96.56043,89.497406,96.79239,79.46597,108.86585,70.77708,123.46803,87.817024,123.14278
surveillance_cameras_all/063_cam1_3.jpg,70.191185,128.79811,108.33404,128.37906,88.38476,154.80725,73.810074,174.46811,102.36116,174.83089
surveillance_cameras_all/063_cam2_3.jpg,69.24683,109.15362,101.117355,107.78869,86.20188,131.69984,73.85266,148.52423,98.31524,147.6138
surveillance_cameras_all/063_cam3_3.jpg,72.168045,120.83319,101.14167,120.33474,88.10405,139.88695,76.111145,154.96614,98.28902,154.04349
surveillance_cameras_all/063_cam4_3.jpg,63.034374,102.40017,93.5946,100.49642,79.629074,119.67934,67.72616,140.27028,92.48199,138.72092
surveillance_cameras_all/063_cam5_3.jpg,49.66386,127.50138,76.5504,128.53519,60.61227,148.29472,51.75452,161.16885,73.339966,162.29678
surveillance_cameras_all/064_cam1_3.jpg,59.92729,115.49038,90.60237,114.0929,75.19762,139.02661,65.47882,154.16727,88.59656,153.18982
surveillance_cameras_all/064_cam2_3.jpg,65.29803,106.848526,91.851616,102.53329,80.971405,123.503586,73.66235,139.08546,92.510864,136.12564
surveillance_cameras_all/064_cam3_3.jpg,68.058075,98.44175,92.0999,95.61782,81.720795,115.94417,74.31817,128.87236,92.73685,126.74257
surveillance_cameras_all/064_cam4_3.jpg,65.569855,112.80389,91.021454,109.00944,79.20367,130.07661,72.44499,144.62482,92.75578,141.93494
surveillance_cameras_all/064_cam5_3.jpg,61.236187,116.69473,83.15204,113.695435,72.28511,131.26515,68.36536,143.60313,85.0848,141.51244
surveillance_cameras_all/065_cam1_3.jpg,59.734352,112.62821,99.15915,116.49778,76.44715,144.24355,59.73574,157.56723,89.9652,160.35068
surveillance_cameras_all/065_cam2_3.jpg,66.63702,113.92039,100.20569,114.4635,84.64764,135.80617,69.4284,151.53519,94.79141,151.37834
surveillance_cameras_all/065_cam3_3.jpg,65.100624,107.384094,96.62219,107.2128,80.93239,127.40423,68.37565,142.96654,92.430214,142.03624
surveillance_cameras_all/065_cam4_3.jpg,73.50568,104.09086,100.98891,102.48738,84.29878,120.08096,77.3306,137.6901,99.05135,136.21216
surveillance_cameras_all/065_cam5_3.jpg,69.177734,125.39241,96.89514,125.73634,80.75754,143.44286,70.59335,156.14072,93.70135,156.38794
surveillance_cameras_all/066_cam1_3.jpg,74.34278,94.990654,103.099655,97.22144,87.84026,118.6847,74.763885,128.24817,98.1827,130.69702
surveillance_cameras_all/066_cam2_3.jpg,79.40568,90.75582,103.21275,90.00136,92.9122,109.6045,81.404366,118.99894,102.72476,117.76484
surveillance_cameras_all/066_cam3_3.jpg,89.15195,110.36272,112.29543,108.77775,103.34406,126.93552,92.55067,137.87904,111.178444,136.25635
surveillance_cameras_all/066_cam4_3.jpg,72.02834,106.605545,96.8081,104.75422,86.51893,124.01483,75.04753,134.52625,96.7681,133.37904
surveillance_cameras_all/066_cam5_3.jpg,65.799866,111.00063,86.70046,110.805305,76.25713,126.63943,67.34389,136.29314,87.85923,136.14894
surveillance_cameras_all/067_cam1_3.jpg,59.8617,103.36975,95.840164,103.90256,78.54028,126.07753,62.175648,145.74628,91.1603,145.91019
surveillance_cameras_all/067_cam2_3.jpg,76.39209,108.29705,105.85704,107.14196,92.46948,126.87501,79.45144,143.94995,105.14706,142.73306
surveillance_cameras_all/067_cam3_3.jpg,74.007706,97.20559,101.10283,95.7265,92.05349,110.87864,78.8836,129.27682,100.173386,127.88457
surveillance_cameras_all/067_cam4_3.jpg,71.33973,93.282364,100.440254,90.78015,87.9712,109.36834,76.33368,127.008705,98.89922,126.085556
surveillance_cameras_all/067_cam5_3.jpg,60.465397,106.10106,86.58971,106.29828,72.6452,121.434875,62.28278,134.05724,84.91883,134.7477
surveillance_cameras_all/068_cam1_3.jpg,69.87877,118.40949,105.87376,118.57369,88.508385,146.33156,71.99915,157.48038,101.77569,158.58348
surveillance_cameras_all/068_cam2_3.jpg,62.926254,117.75591,95.037,117.24641,79.37031,140.7046,65.31158,152.0718,91.99218,150.71692
surveillance_cameras_all/068_cam3_3.jpg,64.827995,103.18591,90.358986,101.41184,80.329094,120.25152,67.60107,132.13718,89.63572,130.22517
surveillance_cameras_all/068_cam4_3.jpg,59.387848,114.864075,86.916985,114.03305,75.04785,133.4711,62.634674,146.18901,86.135155,145.0391
surveillance_cameras_all/068_cam5_3.jpg,59.765285,113.009544,85.90581,110.97144,72.53932,131.70836,62.689117,141.16672,86.32593,139.86937
surveillance_cameras_all/069_cam1_3.jpg,69.82603,116.10225,108.87876,110.59637,91.72807,141.77855,78.05922,159.79211,110.60424,154.65962
surveillance_cameras_all/069_cam2_3.jpg,64.679726,118.315834,97.188255,111.95813,84.67949,139.87218,72.763985,155.61401,101.44739,148.99129
surveillance_cameras_all/069_cam3_3.jpg,66.23435,110.49563,96.706825,104.92028,87.558716,127.18134,73.865105,145.44756,99.83225,140.05197
surveillance_cameras_all/069_cam4_3.jpg,70.8696,106.25958,100.8517,98.88583,90.387566,124.55055,80.11709,142.83925,106.664116,136.08261
surveillance_cameras_all/069_cam5_3.jpg,66.1729,117.77412,91.0169,112.75159,76.56877,134.65181,72.95761,147.47618,97.312744,142.97935
surveillance_cameras_all/070_cam1_3.jpg,59.975193,108.126915,96.19314,108.63034,76.406624,134.98149,63.82578,153.70525,92.32636,153.90062
surveillance_cameras_all/070_cam2_3.jpg,74.35245,105.555016,105.99068,103.35043,90.32343,128.89066,79.88177,146.22194,104.946625,144.05196
surveillance_cameras_all/070_cam3_3.jpg,61.514957,119.55113,90.89177,117.29208,77.74275,137.98074,67.91842,155.88826,90.17277,153.93692
surveillance_cameras_all/070_cam4_3.jpg,71.29115,115.69091,99.91256,113.265816,85.38438,134.78687,77.458664,151.89545,99.55953,150.01642
surveillance_cameras_all/070_cam5_3.jpg,53.574528,131.38019,78.56223,129.2391,63.431293,148.92137,58.3619,163.41432,79.75627,160.70392
surveillance_cameras_all/071_cam1_3.jpg,71.09735,100.2837,106.30648,100.374344,88.5609,122.7161,72.73065,142.20103,100.814095,142.54869
surveillance_cameras_all/071_cam2_3.jpg,77.23929,101.654236,104.78342,100.42893,93.44983,123.53222,80.98427,135.15059,103.56292,133.7168
surveillance_cameras_all/071_cam3_3.jpg,76.47135,93.063194,101.76741,90.97599,91.6497,109.459145,81.30858,125.22116,100.863495,123.735306
surveillance_cameras_all/071_cam4_3.jpg,71.59601,108.194016,97.56704,104.65341,86.37274,122.85949,77.374146,139.2856,99.26537,136.20367
surveillance_cameras_all/071_cam5_3.jpg,60.09221,117.90549,85.419334,117.10975,73.59372,137.47592,63.527306,151.03229,85.93992,150.05554
surveillance_cameras_all/072_cam1_3.jpg,63.473515,119.2438,100.518814,119.271515,85.533264,146.52937,66.69052,165.09377,95.16593,165.50186
surveillance_cameras_all/072_cam2_3.jpg,71.81641,108.75492,102.189224,107.864975,91.78764,129.44844,76.07413,146.40808,98.43338,146.3167
surveillance_cameras_all/072_cam3_3.jpg,84.64412,93.4408,112.4072,91.575195,103.07556,109.032555,89.202866,127.12095,109.699234,125.48115
surveillance_cameras_all/072_cam4_3.jpg,78.61936,88.08683,108.07209,86.94075,96.90687,106.19631,82.62514,123.76699,107.024536,122.54785
surveillance_cameras_all/072_cam5_3.jpg,76.76016,96.711266,102.90135,96.77155,87.96018,114.27851,78.92634,128.45154,100.72916,128.145
surveillance_cameras_all/073_cam1_3.jpg,65.77527,103.00736,106.760376,102.814316,88.57937,133.91974,68.5033,151.03516,99.90846,152.00755
surveillance_cameras_all/073_cam2_3.jpg,68.98504,118.55092,102.072,115.28126,87.600784,140.60176,73.44703,156.89662,101.853836,154.75465
surveillance_cameras_all/073_cam3_3.jpg,76.66484,101.345024,107.51625,99.23764,91.58296,120.58626,78.85813,138.99562,103.39298,136.73218
surveillance_cameras_all/073_cam4_3.jpg,65.35771,95.614174,98.48434,93.6577,83.5778,116.782104,69.96125,133.31602,97.726845,131.14256
surveillance_cameras_all/073_cam5_3.jpg,61.357594,105.264244,89.40396,103.88376,77.69534,123.91738,64.86124,140.65901,89.351456,138.0813
surveillance_cameras_all/074_cam1_3.jpg,58.51988,126.54158,94.47878,126.66688,75.49104,155.11172,59.85568,166.02017,91.343414,166.52364
surveillance_cameras_all/074_cam2_3.jpg,68.26394,133.76726,99.3764,131.42322,85.864494,156.90009,71.265915,166.00766,97.01448,163.83446
surveillance_cameras_all/074_cam3_3.jpg,68.362724,108.86166,95.534164,108.28231,83.145424,125.45929,71.636406,141.6248,93.04639,141.24434
surveillance_cameras_all/074_cam4_3.jpg,74.89374,119.157074,105.839905,116.40568,92.56829,141.10641,80.13853,152.82236,104.875046,150.04025
surveillance_cameras_all/074_cam5_3.jpg,70.03529,120.71454,97.80943,120.7045,81.216415,144.06479,72.095604,151.12811,96.241135,150.65536
surveillance_cameras_all/075_cam1_3.jpg,60.70222,112.3155,98.182686,109.44995,83.65912,136.76273,67.07653,158.6055,96.58576,156.89145
surveillance_cameras_all/075_cam2_3.jpg,76.7862,100.569214,109.45772,96.7959,96.931465,119.09427,82.66701,139.73656,109.0962,136.67137
surveillance_cameras_all/075_cam3_3.jpg,72.46962,97.428856,100.99826,93.548546,93.71361,113.27585,79.88476,133.09572,103.87273,128.78627
surveillance_cameras_all/075_cam4_3.jpg,65.93016,90.63974,97.69455,86.058716,86.90772,108.78506,73.832695,129.4362,98.02631,126.31515
surveillance_cameras_all/075_cam5_3.jpg,64.02564,101.28241,92.987114,97.9162,79.979614,118.04955,68.386734,136.4848,93.47757,133.01453
surveillance_cameras_all/076_cam1_3.jpg,69.08957,113.71731,101.202156,113.02454,84.432076,136.13625,72.11026,149.10243,99.75974,149.35974
surveillance_cameras_all/076_cam2_3.jpg,66.09478,116.591385,93.7941,114.87295,80.25872,135.92924,69.79832,148.82053,94.55897,147.10255
surveillance_cameras_all/076_cam3_3.jpg,65.90813,103.35907,91.441246,101.02273,80.15053,117.70583,69.02176,131.49397,93.15125,129.33815
surveillance_cameras_all/076_cam4_3.jpg,63.454945,101.32212,87.87394,98.0951,76.42052,115.65863,66.50957,128.36064,90.76369,125.128136
surveillance_cameras_all/076_cam5_3.jpg,52.99,107.797035,75.59997,106.953255,63.518436,123.87742,54.994476,133.78838,77.40857,133.20789
surveillance_cameras_all/077_cam1_3.jpg,64.23064,129.03159,88.99764,128.14848,76.07211,148.70082,67.57611,159.27449,88.64448,158.37088
surveillance_cameras_all/077_cam2_3.jpg,69.86609,137.01204,98.486664,133.85213,87.46909,158.85043,74.83807,171.07133,97.317825,168.69655
surveillance_cameras_all/077_cam3_3.jpg,62.400288,113.965065,90.05146,112.3868,78.2338,133.09543,67.00665,146.73792,88.4391,145.14384
surveillance_cameras_all/077_cam4_3.jpg,70.61383,96.79771,99.10649,95.13055,85.70987,116.25811,75.90149,129.29477,97.76994,127.55078
surveillance_cameras_all/077_cam5_3.jpg,48.606575,128.94582,73.40735,127.97599,60.632477,149.19356,52.283073,159.03622,73.15084,157.9529
surveillance_cameras_all/078_cam1_3.jpg,64.941414,111.7554,99.80725,108.154724,80.68848,133.80077,71.89146,149.55205,101.43316,147.14575
surveillance_cameras_all/078_cam2_3.jpg,63.59069,95.586365,93.078316,92.18775,78.34429,112.53707,68.337,128.45827,93.65079,124.96417
surveillance_cameras_all/078_cam3_3.jpg,54.167393,86.38756,81.814644,83.79557,67.48585,100.783585,58.05174,116.36264,82.78474,113.83795
surveillance_cameras_all/078_cam4_3.jpg,66.64117,84.812965,93.41961,80.06042,80.02059,97.04886,70.668396,113.065475,95.86464,108.34635
surveillance_cameras_all/078_cam5_3.jpg,47.975792,87.543564,72.95917,86.52912,58.713856,102.84575,50.90342,115.49056,71.572914,114.26499
surveillance_cameras_all/079_cam1_3.jpg,60.79991,111.584435,98.987366,110.257576,80.5195,134.39017,65.591415,154.84152,96.05807,154.68544
surveillance_cameras_all/079_cam2_3.jpg,59.69247,110.66043,91.705025,107.24627,78.52699,128.61255,65.94574,146.10767,92.52946,143.94846
surveillance_cameras_all/079_cam3_3.jpg,51.701492,94.94327,80.7435,91.24193,69.36304,107.47891,57.29086,127.44801,81.89507,125.866936
surveillance_cameras_all/079_cam4_3.jpg,60.5245,108.85929,90.733665,103.46462,75.58977,120.42211,65.64177,141.31163,91.558846,137.45581
surveillance_cameras_all/079_cam5_3.jpg,50.400005,104.63581,76.78489,103.15159,60.649452,119.20788,53.288433,133.8276,76.76945,133.94753
surveillance_cameras_all/080_cam1_3.jpg,55.467415,107.61807,88.67591,104.10039,70.82378,129.02068,61.19392,146.92093,87.73114,144.86218
surveillance_cameras_all/080_cam2_3.jpg,62.33867,117.88176,91.29392,113.73163,77.33627,134.35486,68.96875,151.34564,92.73931,147.4112
surveillance_cameras_all/080_cam3_3.jpg,72.568375,120.03031,98.97813,116.70203,86.89027,134.13814,79.35721,150.86324,99.473434,148.01823
surveillance_cameras_all/080_cam4_3.jpg,67.481415,103.89359,95.47598,98.92961,81.42575,118.70609,74.526,136.36629,96.33246,132.41562
surveillance_cameras_all/080_cam5_3.jpg,52.0398,103.31207,75.78415,100.34267,60.193455,117.580284,55.923336,131.04204,74.79273,129.48447
surveillance_cameras_all/081_cam1_3.jpg,63.48879,126.33258,102.510086,121.98779,85.48586,154.94789,68.44059,168.43584,102.93492,164.55731
surveillance_cameras_all/081_cam2_3.jpg,74.46581,122.392876,105.714935,116.54509,95.28274,143.05235,81.62607,155.3968,107.67076,150.79797
surveillance_cameras_all/081_cam3_3.jpg,65.977455,129.69269,97.86965,124.626854,85.77019,151.22073,73.164215,164.79173,99.918304,160.72112
surveillance_cameras_all/081_cam4_3.jpg,76.110016,128.43526,105.41228,122.97271,93.053154,148.7783,84.191956,161.96533,108.9995,157.80605
surveillance_cameras_all/081_cam5_3.jpg,49.664337,116.83475,73.38277,113.33775,62.372295,132.82455,56.687576,142.93114,77.32924,138.90747
surveillance_cameras_all/082_cam1_3.jpg,61.087406,119.89294,101.76577,124.3824,79.20204,150.09163,60.7895,167.16301,90.14019,172.75685
surveillance_cameras_all/082_cam2_3.jpg,75.54555,106.742256,107.53558,107.240036,91.79087,128.63474,78.78489,144.95602,104.62976,144.31862
surveillance_cameras_all/082_cam3_3.jpg,60.989235,94.0697,92.71376,95.53102,76.85327,116.86713,63.098766,133.25612,86.61025,134.4696
surveillance_cameras_all/082_cam4_3.jpg,62.64459,106.943954,94.16656,108.13364,77.44777,130.02466,65.03794,145.50925,88.592384,147.11781
surveillance_cameras_all/082_cam5_3.jpg,60.40545,97.61533,88.2895,97.19373,70.983604,117.04268,61.934242,128.97304,85.105125,130.62997
surveillance_cameras_all/083_cam1_3.jpg,51.478676,114.67309,83.910965,112.37083,65.52991,139.06335,57.80485,154.64955,83.01827,152.13298
surveillance_cameras_all/083_cam2_3.jpg,55.72876,114.02306,81.99672,110.028915,69.42371,134.21432,63.317757,147.7217,82.58373,144.17703
surveillance_cameras_all/083_cam3_3.jpg,58.2489,103.868996,81.9976,98.77156,71.5459,117.727615,65.73632,132.67665,84.58783,127.34851
surveillance_cameras_all/083_cam4_3.jpg,70.63638,95.63663,96.166046,90.84912,82.95986,113.48279,77.803795,127.70265,97.30934,124.02014
surveillance_cameras_all/083_cam5_3.jpg,47.84983,99.70346,69.624466,96.70306,56.780018,115.20465,53.64266,126.4778,71.38857,124.223625
surveillance_cameras_all/084_cam1_3.jpg,55.91421,113.28572,91.42455,113.02136,72.816086,142.6567,59.2413,153.50746,87.623405,154.01982
surveillance_cameras_all/084_cam2_3.jpg,73.75666,103.11667,101.44479,102.71118,89.42777,123.7504,76.46766,136.45761,100.374344,135.32391
surveillance_cameras_all/084_cam3_3.jpg,61.669907,100.7601,88.35018,97.93344,76.50911,118.49468,66.41068,131.54327,88.82045,129.03961
surveillance_cameras_all/084_cam4_3.jpg,54.358425,98.95505,81.49476,97.02952,68.40088,118.81716,59.158943,131.43988,82.06708,129.59843
surveillance_cameras_all/084_cam5_3.jpg,58.66705,97.183914,82.7899,96.158005,69.00329,114.30767,62.26205,123.811195,83.870285,122.70186
surveillance_cameras_all/085_cam1_3.jpg,68.39389,111.20102,105.980034,114.74478,84.185,137.40297,66.214005,156.9831,94.251785,160.71004
surveillance_cameras_all/085_cam2_3.jpg,68.17476,112.43436,102.26162,114.3505,85.72039,136.50163,68.19318,153.73102,95.213234,155.15486
surveillance_cameras_all/085_cam3_3.jpg,71.92873,114.83145,104.152985,116.344955,88.00356,136.53336,72.92061,155.43214,97.75131,155.69397
surveillance_cameras_all/085_cam4_3.jpg,73.96851,113.2447,106.3939,113.68343,89.078735,134.33517,76.21629,153.33296,100.96219,153.94281
surveillance_cameras_all/085_cam5_3.jpg,52.861637,115.324066,82.08906,118.474945,62.905613,136.71474,52.09283,150.82726,76.62617,153.82372
surveillance_cameras_all/086_cam1_3.jpg,64.70107,97.02594,94.88163,98.48723,78.494194,119.98236,65.286125,131.70747,91.54829,133.0017
surveillance_cameras_all/086_cam2_3.jpg,65.333466,94.27758,92.7752,92.96037,80.34669,113.341156,68.567856,122.86152,91.07785,121.73691
surveillance_cameras_all/086_cam3_3.jpg,68.35305,112.36952,97.228455,108.40593,86.66376,128.00507,75.40019,142.25804,98.72299,138.33939
surveillance_cameras_all/086_cam4_3.jpg,62.164646,110.671074,92.343346,106.547775,80.183266,127.90445,67.49126,142.58578,94.398224,138.05542
surveillance_cameras_all/086_cam5_3.jpg,48.21282,130.153,71.51145,128.86377,58.523094,145.71243,51.469685,155.38705,72.45069,153.80087
surveillance_cameras_all/087_cam1_3.jpg,69.15224,105.06884,106.83005,107.13536,84.64307,132.92532,68.56676,150.99896,99.30082,154.34637
surveillance_cameras_all/087_cam2_3.jpg,73.35373,107.909164,105.93802,108.793564,91.21926,127.87837,74.75884,144.60976,102.48434,144.95645
surveillance_cameras_all/087_cam3_3.jpg,72.28976,91.8238,101.59433,92.72904,88.220726,112.247986,74.151375,127.18543,98.24388,127.93278
surveillance_cameras_all/087_cam4_3.jpg,62.89457,87.47461,92.98397,87.14494,77.28992,106.31719,64.259544,123.22461,90.27341,123.53156
surveillance_cameras_all/087_cam5_3.jpg,61.11235,95.35473,89.18282,97.52093,71.74026,115.48574,61.50251,130.8218,87.77104,131.60017
surveillance_cameras_all/088_cam1_3.jpg,58.13332,102.61294,91.01444,100.85008,73.52201,124.83274,62.109055,141.7136,91.94267,140.92215
surveillance_cameras_all/088_cam2_3.jpg,64.57699,93.269264,91.458405,89.96695,80.06352,110.28943,68.78966,124.86372,94.499916,121.70932
surveillance_cameras_all/088_cam3_3.jpg,71.06483,98.25151,96.220825,93.82413,86.25708,111.35324,79.24792,127.278915,99.966194,124.477135
surveillance_cameras_all/088_cam4_3.jpg,74.27127,93.5522,100.543884,90.38498,87.51868,110.52008,79.50939,124.07655,103.11594,120.97942
surveillance_cameras_all/088_cam5_3.jpg,64.733795,97.762764,90.171005,96.35628,75.59676,114.44196,68.086044,126.302025,92.541,125.65377
surveillance_cameras_all/089_cam1_3.jpg,66.11517,117.81365,106.107895,118.68374,85.3443,146.74042,69.28841,165.64789,100.99236,166.96982
surveillance_cameras_all/089_cam2_3.jpg,72.03712,113.599915,103.91524,112.81261,90.68405,133.57976,74.22304,150.83212,102.28347,150.1477
surveillance_cameras_all/089_cam3_3.jpg,68.74965,107.91622,98.9232,107.70267,86.19803,125.73739,71.48497,143.52861,96.021545,142.8902
surveillance_cameras_all/089_cam4_3.jpg,69.94244,106.074615,101.5128,104.29704,85.26904,124.06341,73.50754,143.5574,99.72759,141.72247
surveillance_cameras_all/089_cam5_3.jpg,60.86029,117.323975,90.395386,117.03262,73.854225,137.02121,63.842773,152.03133,89.41622,151.8842
surveillance_cameras_all/090_cam1_3.jpg,53.788418,110.16052,90.826256,107.21313,72.5721,133.78932,60.62195,152.28629,90.19655,150.23323
surveillance_cameras_all/090_cam2_3.jpg,65.486595,99.93741,95.746544,95.482,81.9994,115.96375,71.29072,135.46689,96.967476,131.96469
surveillance_cameras_all/090_cam3_3.jpg,70.969124,109.681786,98.262184,105.71477,87.92667,123.8177,79.292015,142.03474,101.51591,138.56522
surveillance_cameras_all/090_cam4_3.jpg,63.141632,119.43961,92.08799,114.82918,79.69079,135.45996,71.118195,153.57573,93.46996,149.95154
surveillance_cameras_all/090_cam5_3.jpg,61.63244,89.81291,89.19147,87.25835,73.611824,107.42542,68.83916,122.86994,90.925064,120.531494
surveillance_cameras_all/091_cam1_3.jpg,62.93561,121.392235,100.76966,119.59088,80.539566,149.41528,69.07268,166.74196,98.32814,166.02197
surveillance_cameras_all/091_cam2_3.jpg,68.2031,99.01508,99.14005,95.92552,85.45735,122.43266,73.79109,137.57777,101.3162,134.87447
surveillance_cameras_all/091_cam3_3.jpg,68.15234,108.17999,97.83671,105.90413,86.54976,126.48486,73.09739,141.64809,97.85189,139.60898
surveillance_cameras_all/091_cam4_3.jpg,71.155624,105.07092,101.02367,100.86181,88.19037,123.22507,78.18486,140.19092,102.549774,136.77946
surveillance_cameras_all/091_cam5_3.jpg,64.967926,109.3902,91.73781,106.266,77.41417,126.77644,71.09478,141.52353,93.64158,138.91171
surveillance_cameras_all/092_cam1_3.jpg,54.91044,112.65438,88.73096,113.04228,72.33666,134.35919,59.72718,154.7631,86.15405,154.6164
surveillance_cameras_all/092_cam2_3.jpg,59.65791,106.80498,90.39322,105.40653,75.78511,123.79115,63.396915,140.36353,87.15765,139.48056
surveillance_cameras_all/092_cam3_3.jpg,65.540886,86.798134,93.89926,85.82805,81.16386,101.01297,69.96179,120.11329,91.76921,119.31302
surveillance_cameras_all/092_cam4_3.jpg,70.25991,97.719765,99.92881,96.62621,84.42999,115.14329,74.29617,133.4462,97.47347,132.50546
surveillance_cameras_all/092_cam5_3.jpg,53.414925,97.28182,81.50033,96.96694,66.21772,115.79611,57.701443,129.89592,80.07524,129.17268
surveillance_cameras_all/093_cam1_3.jpg,62.013653,115.3256,101.19357,116.525665,80.00805,141.80324,63.757782,161.24911,98.55856,162.67412
surveillance_cameras_all/093_cam2_3.jpg,68.899,104.43248,102.3497,100.226814,84.825806,125.52703,73.9518,143.45546,103.28377,141.53578
surveillance_cameras_all/093_cam3_3.jpg,44.557022,108.55703,76.07197,104.765076,60.66137,125.29705,50.66287,144.7797,75.94201,141.86946
surveillance_cameras_all/093_cam4_3.jpg,47.31611,124.490295,80.75963,118.6154,64.79088,139.83197,55.815388,158.85175,83.63828,154.9062
surveillance_cameras_all/093_cam5_3.jpg,47.72896,98.428734,74.75931,94.79828,55.792137,111.98782,51.96354,130.31618,77.08872,127.95152
surveillance_cameras_all/094_cam1_3.jpg,58.934353,115.91268,104.15252,114.5058,80.31103,152.1012,65.070915,167.84377,101.550186,167.22424
surveillance_cameras_all/094_cam2_3.jpg,65.952446,121.421555,105.09021,117.51019,87.483574,149.18408,74.185036,166.3265,105.72146,162.67075
surveillance_cameras_all/094_cam3_3.jpg,70.44799,119.230705,105.133415,114.22572,91.863205,140.23552,79.07084,160.81993,107.031815,157.2189
surveillance_cameras_all/094_cam4_3.jpg,53.385254,117.482216,87.23149,111.888855,71.03662,139.18011,62.46807,158.56815,90.31503,154.5938
surveillance_cameras_all/094_cam5_3.jpg,58.130898,116.500435,91.315544,114.76748,70.00109,143.28027,63.6358,157.60373,91.52402,156.48987
surveillance_cameras_all/095_cam1_3.jpg,70.528854,125.25177,114.53903,124.511856,93.789734,156.04759,72.14982,173.21858,111.030975,173.4811
surveillance_cameras_all/095_cam2_3.jpg,73.578705,119.04377,109.2143,117.35433,93.578865,145.44089,77.20514,160.97667,108.69539,159.04012
surveillance_cameras_all/095_cam3_3.jpg,65.02627,112.76069,99.7568,111.12916,84.45914,135.03409,69.477745,154.12895,97.9339,152.84492
surveillance_cameras_all/095_cam4_3.jpg,62.246387,111.31966,98.400475,108.86751,82.50867,132.2618,69.02053,153.54623,97.47612,151.08417
surveillance_cameras_all/095_cam5_3.jpg,64.58118,118.104065,97.005745,116.17915,78.075096,140.0929,68.39266,152.58093,97.56519,152.83186
surveillance_cameras_all/096_cam1_3.jpg,50.324203,123.22711,95.73997,119.573586,73.45293,155.04031,57.37283,177.35086,95.039215,175.45192
surveillance_cameras_all/096_cam2_3.jpg,60.0026,119.59315,97.84141,115.64578,80.57152,145.27696,67.33591,164.36458,98.44579,161.05037
surveillance_cameras_all/096_cam3_3.jpg,67.26396,106.154274,102.20923,101.9274,87.62743,125.94222,74.38627,148.414,104.43381,144.7284
surveillance_cameras_all/096_cam4_3.jpg,52.082386,108.53741,89.04567,102.36508,69.9053,128.00043,59.88148,150.06314,91.1908,144.72458
surveillance_cameras_all/096_cam5_3.jpg,62.696655,106.040146,93.405685,104.05895,73.34857,128.58966,67.58696,143.61072,96.30512,142.10014
surveillance_cameras_all/097_cam1_3.jpg,65.848816,109.27017,105.85282,106.98374,89.89091,137.23444,65,160,101,160
surveillance_cameras_all/097_cam2_3.jpg,72.0308,110.85034,107.19833,106.517975,93.84563,136.84843,75.76009,151.44124,105.48628,147.4245
surveillance_cameras_all/097_cam3_3.jpg,81.22732,98.88758,115.61755,95.93264,104.67514,118.294334,84.53137,136.7161,116.23654,134.01973
surveillance_cameras_all/097_cam4_3.jpg,68.78809,102.662094,101.98686,99.25917,86.82852,122.29124,72.80122,140.65103,101.98767,136.79996
surveillance_cameras_all/097_cam5_3.jpg,71.50834,112.29656,102.80506,105.60587,91.05896,135.28493,79.25119,150.13528,104.47519,144.05284
surveillance_cameras_all/098_cam1_3.jpg,55.30819,116.45617,94.553665,114.4521,74.122025,148.78212,61.859745,159.7779,95.75292,157.51453
surveillance_cameras_all/098_cam2_3.jpg,64.421394,115.50111,97.33228,112.64919,81.97565,139.36218,69.93714,152.44023,98.04608,148.97011
surveillance_cameras_all/098_cam3_3.jpg,73.60228,125.82676,104.33833,119.81331,93.06912,143.84969,82.204346,160.62915,107.67789,154.70047
surveillance_cameras_all/098_cam4_3.jpg,59.274555,107.41148,90.874214,102.393555,77.21382,127.98366,66.48512,142.1426,94.799805,137.17995
surveillance_cameras_all/098_cam5_3.jpg,57.810204,122.35643,84.038,117.70998,70.25684,140.37846,66.268196,151.47316,87.74823,147.2395
surveillance_cameras_all/099_cam1_3.jpg,59.690414,102.446335,98.4311,102.830376,77.39806,134.36292,62.976646,151.6816,91.949066,152.4595
surveillance_cameras_all/099_cam2_3.jpg,70.14997,102.843544,103.29826,101.35081,86.80551,127.8751,73.22962,144.39738,100.77896,142.33455
surveillance_cameras_all/099_cam3_3.jpg,72.47793,113.451195,101.574776,111.693596,88.57964,132.17378,76.6249,149.4617,99.66547,148.25041
surveillance_cameras_all/099_cam4_3.jpg,61.154236,92.12088,91.74298,91.527794,75.89956,115.18693,64.773674,131.91805,89.40898,131.14207
surveillance_cameras_all/099_cam5_3.jpg,64.80232,94.643585,91.67337,96.40828,75.10855,117.94988,64.86623,130.43011,89.1726,132.14369
surveillance_cameras_all/100_cam1_3.jpg,62.080925,111.72413,95.42855,111.44843,78.732254,133.76303,62.89791,146.1322,94.26422,146.58705
surveillance_cameras_all/100_cam2_3.jpg,67.01431,108.70696,93.710495,108.623055,80.52042,128.01155,67.08862,140.59158,93.42835,140.2666
surveillance_cameras_all/100_cam3_3.jpg,88.27667,110.453156,112.4813,111.35867,100.897736,127.67816,88.21382,139.72519,112.10595,140.32837
surveillance_cameras_all/100_cam4_3.jpg,66.28492,109.83048,93.73459,110.503426,79.67274,128.83871,66.257484,142.14122,92.264114,142.79448
surveillance_cameras_all/100_cam5_3.jpg,62.216347,146.39351,86.72272,148.24666,72.235504,163.35489,61.528614,171.61119,86.14229,173.9375
surveillance_cameras_all/101_cam1_3.jpg,64.14691,114.205475,102.67898,116.6307,80.945114,146.51541,65.740814,161.8346,96.34888,164.25035
surveillance_cameras_all/101_cam2_3.jpg,70.891884,100.90899,100.71177,100.83534,86.07172,124.23974,72.52764,136.05162,97.59231,135.20955
surveillance_cameras_all/101_cam3_3.jpg,74.44744,114.8508,106.30287,113.77672,92.93521,134.284,78.05724,152.28607,104.40896,150.8537
surveillance_cameras_all/101_cam4_3.jpg,69.929184,108.99918,99.043434,107.60067,83.93591,128.71808,73.045166,143.11533,97.140236,141.99484
surveillance_cameras_all/101_cam5_3.jpg,63.019165,119.852264,88.900444,121.174,73.09557,140.86037,64.81126,150.49814,86.68815,151.66795
surveillance_cameras_all/102_cam1_3.jpg,67.60976,102.12744,116.91952,104.24281,92.461975,133.42615,70.17433,161.06012,110.4446,162.9994
surveillance_cameras_all/102_cam2_3.jpg,73.38307,101.85836,117.60196,97.87035,97.449196,126.23353,80.86662,153.37833,114.800186,150.18446
surveillance_cameras_all/102_cam3_3.jpg,62.722736,98.783295,102.91739,97.01772,86.39581,116.80907,69.04596,145.82787,101.05947,143.72342
surveillance_cameras_all/102_cam4_3.jpg,60.36427,95.06069,98.833084,93.30005,82.263,116.04399,67.60991,142.81032,98.38343,141.33887
surveillance_cameras_all/102_cam5_3.jpg,59.680172,103.18746,95.12803,101.64205,72.99589,119.41336,63.795853,143.18332,93.7133,142.06244
surveillance_cameras_all/103_cam1_3.jpg,59.230793,120.42699,95.18381,120.05679,74.51454,149.2687,65.02195,164.26561,93.14531,164.57184
surveillance_cameras_all/103_cam2_3.jpg,54.346462,119.01066,84.26677,113.63637,69.45293,136.3918,64.17543,154.29358,86.25858,150.58635
surveillance_cameras_all/103_cam3_3.jpg,71.34766,107.67587,99.40622,108.30193,86,130,77,148,101,147
surveillance_cameras_all/103_cam4_3.jpg,60.94744,116.516304,91.597855,112.290054,75.75511,133.80212,69.48903,153.99084,93.28216,150.04735
surveillance_cameras_all/103_cam5_3.jpg,60.456154,98.34978,87.24257,96.22382,71.21896,116.38268,67.802376,130.85352,88.63977,129.69533
surveillance_cameras_all/104_cam1_3.jpg,63.654907,128.9543,99.49953,127.66849,77.98445,152.07068,67.961395,168.39801,95.56732,168.44795
surveillance_cameras_all/104_cam2_3.jpg,71.1495,112.45029,104.42948,111.17051,87.83802,135.52885,75.29891,152.1621,101.68686,151.22151
surveillance_cameras_all/104_cam3_3.jpg,66.77794,105.42495,98.210266,103.593544,84.80723,122.985664,72.40545,142.92615,96.08844,141.30789
surveillance_cameras_all/104_cam4_3.jpg,68.17912,106.21661,97.90153,103.24089,83.47463,124.17087,75.37749,139.49492,99.05325,138.11786
surveillance_cameras_all/104_cam5_3.jpg,64.374435,107.09099,93.42768,107.04605,77.129395,126.41985,66.79012,139.7998,90.31109,140.70256
surveillance_cameras_all/105_cam1_3.jpg,48.062817,116.88249,91.91205,115.829704,70.917206,145.41313,52.849957,167.28958,88.30071,166.6769
surveillance_cameras_all/105_cam2_3.jpg,62.96477,116.08855,98.25018,113.77387,82.55465,139.08923,67.74573,155.36311,96.99329,153.4721
surveillance_cameras_all/105_cam3_3.jpg,54.776623,104.012505,88.62595,101.78993,74.25922,123.00379,59.681946,144.07932,87.6048,141.72375
surveillance_cameras_all/105_cam4_3.jpg,55.878487,102.20747,91.525505,99.52296,71.64576,120.39734,59.187847,142.72514,88.161865,140.5217
surveillance_cameras_all/105_cam5_3.jpg,61.538563,122.297325,92.91106,122.29281,73.61929,144.09186,64.627975,159.88797,94.20167,159.63309
surveillance_cameras_all/106_cam1_3.jpg,60.078712,105.04541,100.57893,106.54252,79.21071,134.30069,61.347244,156.46974,93.425095,157.78542
surveillance_cameras_all/106_cam2_3.jpg,68.90007,122.54661,102.22217,122.032875,85.26398,145.13919,71.380745,162.61285,100.36635,162.26714
surveillance_cameras_all/106_cam3_3.jpg,56.702545,109.80381,90.214905,106.69244,75.25615,129.73752,62.320717,150.97081,90.60501,148.30208
surveillance_cameras_all/106_cam4_3.jpg,62.712513,110.18592,97.1248,106.442,79.91136,129.63478,68.76548,151.02095,97.70148,147.74042
surveillance_cameras_all/106_cam5_3.jpg,57.475708,106.49357,89.783005,109.42527,70.55386,129.00247,55.93623,144.69415,85.35678,147.5095
surveillance_cameras_all/107_cam1_3.jpg,63.48646,107.139786,103.67344,104.50407,86.75129,138.71088,65.61851,152.188,101.10897,150.6266
surveillance_cameras_all/107_cam2_3.jpg,73.50729,113.437225,102.77808,110.87022,89.76306,135.3747,76.41263,146.77159,103.17008,144.15166
surveillance_cameras_all/107_cam3_3.jpg,72.474724,110.20286,101.74313,107.608086,91.62252,127.93174,77.1914,143.64914,102.703835,140.41776
surveillance_cameras_all/107_cam4_3.jpg,63.044064,111.51953,92.113525,105.9591,81.26637,127.864525,68.52109,144.42168,95.34409,139.14384
surveillance_cameras_all/107_cam5_3.jpg,56.09951,100.67411,83.09401,97.92665,69.18369,116.867836,58.70594,129.02133,86.04645,125.61819
surveillance_cameras_all/108_cam1_3.jpg,61.902184,110.235054,101.58488,111.0928,84.05417,138.84462,65.417145,160.88551,94.9684,162.31255
surveillance_cameras_all/108_cam2_3.jpg,78.28677,109.24278,108.99542,108.043625,99.00016,128.65323,82.671005,147.74179,108.504135,145.78677
surveillance_cameras_all/108_cam3_3.jpg,73.839226,88.65376,105.01644,83.87055,95.17246,105.45362,81.48269,126.38488,105.75104,122.43913
surveillance_cameras_all/108_cam4_3.jpg,54.108093,100.64218,86.082596,96.088486,72.86794,120.260765,61.13148,139.47505,88.16849,135.51736
surveillance_cameras_all/108_cam5_3.jpg,67.8632,101.09178,95.97456,99.2583,82.61197,118.80422,73.60882,135.31856,97.449554,133.35532
surveillance_cameras_all/109_cam1_3.jpg,60.56603,132.63335,102.23303,126.19198,84.248276,155.82416,71.03216,179.06213,101.9994,174.29553
surveillance_cameras_all/109_cam2_3.jpg,75.41916,108.49546,110.29046,101.76792,98.450806,128.69933,83.618576,149.39873,112.04284,143.56348
surveillance_cameras_all/109_cam3_3.jpg,68.67848,109.988625,101.59947,104.36796,89.58036,127.148796,77.34492,148.48547,102.98426,143.62889
surveillance_cameras_all/109_cam4_3.jpg,65.10736,95.5068,98.03242,90.16429,83.886925,113.80371,72.40848,133.84782,99.456245,129.94629
surveillance_cameras_all/109_cam5_3.jpg,64.04797,129.27309,90.1085,124.48007,75.33177,144.51624,69.38821,159.06117,93.48379,155.06503
surveillance_cameras_all/110_cam1_3.jpg,58.7408,132.15282,96.6257,131.2418,77.558815,162.05046,63.594963,174.18777,94.74465,174.05283
surveillance_cameras_all/110_cam2_3.jpg,70.16111,117.48432,103.415665,115.55081,89.30713,137.93237,72.87504,154.07631,104.15839,151.12624
surveillance_cameras_all/110_cam3_3.jpg,64.964775,111.07901,96.40992,109.01886,82.9767,130.31813,66.98909,145.5147,94.5989,143.40472
surveillance_cameras_all/110_cam4_3.jpg,60.364094,108.299095,92.22951,106.2788,78.24212,131.41357,63.44725,144.11523,92.31526,141.47778
surveillance_cameras_all/110_cam5_3.jpg,66.04683,116.78434,92.93366,114.79959,77.9738,138.25536,71.98792,148.06203,95.20762,145.37431
surveillance_cameras_all/111_cam1_3.jpg,57.17728,112.973114,96.98774,110.87222,76.04439,139.34856,64.17222,155.68434,96.62839,154.49283
surveillance_cameras_all/111_cam2_3.jpg,70.082405,110.855515,99.6863,109.34876,87.89924,128.78278,73.78894,145.07803,99.389496,142.95021
surveillance_cameras_all/111_cam3_3.jpg,75.54665,96.48845,105.7132,94.315834,93.7858,114.492516,79.537796,130.07341,105.155106,128.16702
surveillance_cameras_all/111_cam4_3.jpg,65.58545,110.811584,95.34399,107.76247,83.100914,129.26875,70.60717,145.47963,96.811745,142.79558
surveillance_cameras_all/111_cam5_3.jpg,58.705425,129.81947,87.52238,129.62091,73.450424,149.76341,62.423317,161.19499,88.2535,160.21426
surveillance_cameras_all/112_cam1_3.jpg,61.471195,111.43427,99.34157,110.48377,80.34707,140.5484,62.562305,155.32741,98.646324,154.62862
surveillance_cameras_all/112_cam2_3.jpg,57.606094,109.37595,89.39204,107.39639,75.05743,131.90085,59.895718,146.49461,91.42132,143.76772
surveillance_cameras_all/112_cam3_3.jpg,63.46212,105.007675,92.069,101.79934,79.45462,120.21686,67.94734,136.25958,93.95607,132.90225
surveillance_cameras_all/112_cam4_3.jpg,53.1909,101.743996,82.48398,99.64465,68.28899,120.3175,55.850204,135.73116,84.54216,133.32996
surveillance_cameras_all/112_cam5_3.jpg,67.75527,105.88933,93.27134,104.54768,78.220406,125.14944,69.879326,137.01079,96.87409,135.69823
surveillance_cameras_all/113_cam1_3.jpg,61.20686,103.69821,97.62393,103.00698,80.39811,126.46146,65.782394,147.35637,93.982,147.01721
surveillance_cameras_all/113_cam2_3.jpg,66.990524,89.46753,98.37898,88.74458,83.93521,108.28349,68.697395,123.82118,98.109344,123.61048
surveillance_cameras_all/113_cam3_3.jpg,69.691444,84.2637,98.339226,82.678566,86.55349,96.245125,73.49114,117.29625,97.95495,115.25152
surveillance_cameras_all/113_cam4_3.jpg,59.851128,97.71593,87.65919,95.19061,74.99718,112.89415,64.61816,131.7117,87.969215,129.53708
surveillance_cameras_all/113_cam5_3.jpg,58.195232,94.994446,82.953354,96.21635,68.94295,112.85433,60.44256,126.93436,81.70673,126.9546
surveillance_cameras_all/114_cam1_3.jpg,60.865387,108.43081,104.86437,108.808685,82.878586,139.80386,63.586018,156.58955,101.71622,157.41768
surveillance_cameras_all/114_cam2_3.jpg,65.197815,110.63507,103.67258,108.55491,86.19797,134.13588,69.437546,150.86517,102.04546,148.6769
surveillance_cameras_all/114_cam3_3.jpg,59.224697,100.41327,94.78683,98.57058,79.3629,122.49256,62.881016,138.03242,93.06884,137.62231
surveillance_cameras_all/114_cam4_3.jpg,56.586178,115.75515,91.08483,113.972885,72.14555,132.9797,61.733128,151.34254,90.51933,150.95953
surveillance_cameras_all/114_cam5_3.jpg,66.11484,106.83927,99.155685,106.922226,80.776436,130.85121,70.080894,141.47658,98.97408,140.36145
surveillance_cameras_all/115_cam1_3.jpg,65.419846,120.04028,107.4733,115.30082,88.48801,147.08626,72.925224,167.11983,107.04811,163.14948
surveillance_cameras_all/115_cam2_3.jpg,63.283154,133.02168,99.16166,131.09981,82.59224,158.92317,69.704445,173.47214,100.36263,171.13573
surveillance_cameras_all/115_cam3_3.jpg,69.70597,123.185974,101.23083,119.668564,85.84454,145.16782,76.92503,162.206,102.3969,158.81654
surveillance_cameras_all/115_cam4_3.jpg,60.655537,123.26661,93.471504,118.0064,76.91937,144.27522,67.25947,161.69696,94.45323,157.3702
surveillance_cameras_all/115_cam5_3.jpg,68.63999,117.65136,99.280235,113.9018,83.84214,139.70335,78.03877,155.66916,105.02915,151.95187
surveillance_cameras_all/116_cam1_3.jpg,60.611008,107.31229,97.05431,108.28527,78.09102,132.80827,65.2906,151.98395,93.80144,152.40117
surveillance_cameras_all/116_cam2_3.jpg,62.76177,121.26047,95.87345,118.85935,81.22313,140.27802,69.39952,159.44086,95.615265,156.48743
surveillance_cameras_all/116_cam3_3.jpg,61.81161,110.677155,92.02325,108.37406,79.06449,125.92692,68.40916,144.91173,91.52412,142.3227
surveillance_cameras_all/116_cam4_3.jpg,55.29217,109.391594,85.181076,105.78688,70.751724,124.236374,61.102726,144.284,85.99597,140.64413
surveillance_cameras_all/116_cam5_3.jpg,57.705936,102.347534,86.568405,103.08654,69.63884,125.6299,59.044296,134.49223,83.96859,135.21327
surveillance_cameras_all/117_cam1_3.jpg,56.828964,132.73042,95.19094,136.01474,72.69069,166.46678,55.00695,172.37296,90.60061,176.09412
surveillance_cameras_all/117_cam2_3.jpg,64.82971,119.52784,99.8421,119.666405,82.896,147.4338,65.67427,156.5627,97.04351,157.68556
surveillance_cameras_all/117_cam3_3.jpg,68.5296,122.475426,101.43841,122.05439,85.689835,147.18219,70.35896,157.4158,99.84967,157.59517
surveillance_cameras_all/117_cam4_3.jpg,59.50048,120.613495,91.31788,120.375534,74.07249,145.65324,60.69428,155.30035,91.03002,155.13614
surveillance_cameras_all/117_cam5_3.jpg,64.462616,113.51241,92.32225,117.33134,73.68861,138.45535,61.752544,142.56125,91.48231,145.19113
surveillance_cameras_all/118_cam1_3.jpg,62.072544,124.97034,102.28642,123.44159,82.80412,155.17824,67.76301,170.47049,100.59157,170.22804
surveillance_cameras_all/118_cam2_3.jpg,65.47007,118.20262,96.73503,116.37757,82.156235,141.92831,67.48278,152.87311,95.254555,150.92197
surveillance_cameras_all/118_cam3_3.jpg,66.36575,114.016365,96.62578,110.84974,83.741135,133.15121,71.74283,147.48212,96.29738,144.7192
surveillance_cameras_all/118_cam4_3.jpg,57.465805,107.35835,87.71545,104.65354,72.188675,127.16628,62.117004,141.53369,88.037865,139.14526
surveillance_cameras_all/118_cam5_3.jpg,46.42446,102.01268,74.43984,101.8988,57.50421,123.45678,48.700165,133.07756,73.90247,132.6347
surveillance_cameras_all/119_cam1_3.jpg,66.14502,105.862686,100.02231,109.09424,79.233765,133.86684,65.77473,143.24487,93.15613,147.1061
surveillance_cameras_all/119_cam2_3.jpg,64.66146,104.10201,91.70693,105.234665,76.93628,125.29356,65.198875,135.65822,88.77884,136.9677
surveillance_cameras_all/119_cam3_3.jpg,65.94065,90.9112,90.462654,91.23295,78.24323,108.775246,67.33641,120.221855,86.9818,120.87795
surveillance_cameras_all/119_cam4_3.jpg,62.091946,88.28641,87.64704,88.229095,74.96607,105.431145,64.74423,117.607864,86.27816,117.55576
surveillance_cameras_all/119_cam5_3.jpg,63.844097,79.65947,87.57211,81.23983,72.24172,97.03089,64.15544,105.84608,85.30093,108.25446
surveillance_cameras_all/120_cam1_3.jpg,54.644085,122.13616,88.11105,120.663155,72.348236,148.5552,61.07318,162.78168,87.2081,161.22151
surveillance_cameras_all/120_cam2_3.jpg,63.967667,102.04983,88.18786,101.312386,74.97062,119.0221,65,136,90,136
surveillance_cameras_all/120_cam3_3.jpg,66.84701,109.99968,90.90694,108.21909,79.53752,126.03577,71.19589,139.10721,91.857796,137.25668
surveillance_cameras_all/120_cam4_3.jpg,62.420795,90.65537,88.18103,88.936676,73.63938,110.64148,66.11768,122.21574,88.77977,120.52494
surveillance_cameras_all/120_cam5_3.jpg,58.94602,91.83434,78.707146,91.6304,66.147766,106.486885,63.460777,116.566826,79.72777,115.34668
surveillance_cameras_all/121_cam1_3.jpg,72.714554,117.61315,117.69674,120.16258,94.448494,152.32112,72.17945,166.85619,107.94204,169.1765
surveillance_cameras_all/121_cam2_3.jpg,68.41583,116.36778,107.95646,119.29206,92.783585,140.3546,66.75881,161.7335,101.933846,162.54906
surveillance_cameras_all/121_cam3_3.jpg,75.35372,106.2478,110.26116,107.52662,95.0433,130.50766,76.117165,148.93991,104.40916,150.56471
surveillance_cameras_all/121_cam4_3.jpg,57.055508,105.80857,94.05047,103.73149,76.05656,128.61563,57.983772,144.14386,92.13995,141.44695
surveillance_cameras_all/121_cam5_3.jpg,67.53216,106.846756,99.204605,108.807816,82.26857,131.20921,68.0867,138.20512,96.70666,140.45197
surveillance_cameras_all/122_cam1_3.jpg,67.82722,109.62134,108.86528,109.69534,91.2767,138.99553,68.74914,159.56583,101.017944,160.44942
surveillance_cameras_all/122_cam2_3.jpg,78.94037,103.890114,112.5024,101.1083,100.13241,125.987335,79.755615,144.39224,108.417885,142.13596
surveillance_cameras_all/122_cam3_3.jpg,80.05432,92.966774,108.74406,92.99476,96.89829,110.40389,81.22747,127.80498,105.258026,127.63312
surveillance_cameras_all/122_cam4_3.jpg,82.41821,106.60863,114.64864,106.10404,100.91933,126.165215,84.644966,144.67827,110.787,144.94475
surveillance_cameras_all/122_cam5_3.jpg,70.004585,94.01584,101.774826,95.12397,86.58564,114.59367,71.5704,130.35455,97.63012,131.23575
surveillance_cameras_all/123_cam1_3.jpg,68.161835,101.631516,102.823456,99.46431,86.51191,127.95776,72.67608,142.43549,100.24728,141.21553
surveillance_cameras_all/123_cam2_3.jpg,69.58122,96.499435,102.37114,95.71032,84.262115,116.74142,71.938736,132.46754,101.18976,131.97725
surveillance_cameras_all/123_cam3_3.jpg,80.493576,91.06917,108.29701,89.16637,97.95087,108.81079,85.47263,124.236755,107.75714,122.63989
surveillance_cameras_all/123_cam4_3.jpg,86.02456,103.23629,115.247116,101.101265,102.3581,122.802795,90,141,117,139
surveillance_cameras_all/123_cam5_3.jpg,47.20438,90.659546,72.22996,88.96228,58.900463,109.92447,48.882366,120.69083,72.67359,119.39377
surveillance_cameras_all/124_cam1_3.jpg,74.91364,112.86998,114.07541,115.68477,94.89571,144.19772,74.37886,159.36769,103.63779,161.33383
surveillance_cameras_all/124_cam2_3.jpg,69.06496,103.643814,103.39113,103.80684,89.98337,128.35365,70.92935,142.38034,97.29338,142.27625
surveillance_cameras_all/124_cam3_3.jpg,83.296585,113.01271,113.773125,114.647385,101.81683,134.87404,83.29017,151.22227,107.045,152.05812
surveillance_cameras_all/124_cam4_3.jpg,69.19912,112.582054,101.01056,112.08605,88.508064,133.39471,71.10344,150.05063,96.37881,150.08594
surveillance_cameras_all/124_cam5_3.jpg,65.47488,110.134186,94.91611,110.86704,80.008316,132.67116,66.11371,142.47745,90.5095,143.19748
surveillance_cameras_all/125_cam1_3.jpg,70.24135,132.09279,112.562485,126.523026,95.03155,167.39406,78.36564,184.836,113.87551,179.45569
surveillance_cameras_all/125_cam2_3.jpg,67.924644,118.329025,101.81515,115.15944,90.001816,146.68129,71.64465,162.7317,99.78595,158.90152
surveillance_cameras_all/125_cam3_3.jpg,79.0361,113.89619,112.12268,108.732185,102.79598,136.49901,85.927376,156.64868,113.14032,152.1044
surveillance_cameras_all/125_cam4_3.jpg,65.639114,116.10052,103.36141,108.07047,89.339195,140.2754,73.99389,165.81068,104.6916,159.94383
surveillance_cameras_all/125_cam5_3.jpg,62.4121,102.0204,91.64051,101.045845,76.36586,127.52289,66.4209,137.75568,91.51951,137.68587
surveillance_cameras_all/126_cam1_3.jpg,63.93692,109.82872,99.287575,106.62308,83.15161,135.25923,70.11108,150.28964,97.97682,147.3484
surveillance_cameras_all/126_cam2_3.jpg,77.381905,106.80589,107.41976,103.28286,95.5654,127.90632,82.772995,140.57796,106.65318,137.70656
surveillance_cameras_all/126_cam3_3.jpg,63.971684,121.37755,91.48246,118.373665,81.81304,137.19266,68.79602,151.63422,90.8133,149.06747
surveillance_cameras_all/126_cam4_3.jpg,78.627396,118.782715,106.1017,114.89205,95.413414,136.3442,83.189674,150.35548,105.98979,147.18129
surveillance_cameras_all/126_cam5_3.jpg,62.05631,83.968475,85.378395,83.29657,71.838936,102.216125,64.64158,111.17383,86.251816,111.25909
surveillance_cameras_all/127_cam1_3.jpg,63.369476,126.58874,102.244644,123.41597,81.457886,154.73813,70.782585,172.5743,100.6168,171.07664
surveillance_cameras_all/127_cam2_3.jpg,68.86078,108.788574,100.16066,106.72762,84.062294,130.64592,74.875206,149.61635,100.7285,147.38557
surveillance_cameras_all/127_cam3_3.jpg,56.809208,100.6023,86.50769,97.64949,72.80467,118.16267,63.792603,136.89372,86.47567,134.40761
surveillance_cameras_all/127_cam4_3.jpg,63.474396,115.709206,93.12851,113.926094,78.15889,135.6893,69.26166,152.31694,92.475365,150.44559
surveillance_cameras_all/127_cam5_3.jpg,51.93513,106.90592,79.8861,106.24797,63.579212,125.75312,56.4969,140.67845,79.81351,140.1826
surveillance_cameras_all/128_cam1_3.jpg,64.15708,116.12797,107.936935,110.38745,86.81457,144.0024,72.745415,166.21219,106.752686,163.01445
surveillance_cameras_all/128_cam2_3.jpg,65.84394,99.046295,104.42695,94.49945,86.660995,123.87991,73.368004,141.63606,103.86187,137.9722
surveillance_cameras_all/128_cam3_3.jpg,69.62203,105.686195,103.28596,101.42263,88.160965,125.53817,75.893776,143.84671,103.03996,141.33054
surveillance_cameras_all/128_cam4_3.jpg,58.77494,103.25,92.675705,98.80124,74.80298,124.11735,65.77468,142.18236,91.71225,139.51071
surveillance_cameras_all/128_cam5_3.jpg,64.77542,110.884605,93.468216,107.43187,78.16044,129.96248,69.8849,145.77658,95.96784,142.6759
surveillance_cameras_all/129_cam1_3.jpg,78.1025,126.61374,113.8584,121.06794,99.379875,146.83308,85.49536,168.1626,114.94166,163.22214
surveillance_cameras_all/129_cam2_3.jpg,77.23687,100.107056,105.15575,96.61047,95.20872,116.02864,82.215515,135.16191,105.657906,131.14516
surveillance_cameras_all/129_cam3_3.jpg,77.59158,88.84491,104.4009,84.989655,94.49044,100.86126,83.320526,118.76338,106.69315,115.07288
surveillance_cameras_all/129_cam4_3.jpg,71.82309,98.473175,100.24545,94.39259,89.397964,112.74919,79.26807,131.2152,102.228355,127.46737
surveillance_cameras_all/129_cam5_3.jpg,60.745808,102.641174,86.33414,99.24955,74.64646,115.773705,65.12754,130.80089,89.07259,128.22662
surveillance_cameras_all/130_cam1_3.jpg,72.09996,108.015724,106.281555,105.17321,89.19563,132.80391,78.204765,147.55475,103.585075,145.94653
surveillance_cameras_all/130_cam2_3.jpg,61.80734,95.80804,93.2373,96.98567,79.265915,114.54484,62.709103,130.91446,88.270706,130.92757
surveillance_cameras_all/130_cam3_3.jpg,69.70524,100.85523,95.38931,99.981606,84.65517,117.77891,73.892204,132.608,94.367516,131.25583
surveillance_cameras_all/130_cam4_3.jpg,68.77854,97.553276,98.340126,95.52997,83.978745,115.896935,74.17831,131.28467,96.66093,129.82162
surveillance_cameras_all/130_cam5_3.jpg,62.3851,102.012184,87.13898,102.12584,73.48486,121.93385,65.13837,133.86275,86.68995,134.44576